Rk,Player,Age,Team,Pos,G,GS,MP,PER,TS%,3PAr,FTr,ORB%,DRB%,TRB%,AST%,STL%,BLK%,TOV%,USG%,OWS,DWS,WS,WS/48,OBPM,DBPM,BPM,VORP,Awards,Season,Playoffs
1.0,James Harden,26.0,HOU,SG,82.0,82.0,3125.0,25.3,0.598,0.406,0.518,2.2,15.6,8.8,35.4,2.2,1.4,15.9,32.5,10.7,2.6,13.3,0.204,6.4,0.2,6.6,6.8,"MVP-9,AS",2016,False
2.0,Gordon Hayward,25.0,UTA,SF,80.0,80.0,2893.0,18.3,0.559,0.341,0.397,2.5,13.5,8.0,18.2,1.7,0.8,12.5,25.7,5.5,3.4,8.9,0.147,2.4,0.2,2.6,3.3,,2016,False
3.0,Kemba Walker,25.0,CHO,PG,81.0,81.0,2885.0,20.8,0.554,0.368,0.329,2.1,11.5,6.8,25.7,2.2,1.1,10.1,26.5,6.3,3.6,9.9,0.164,3.5,0.5,4.0,4.3,,2016,False
4.0,Trevor Ariza,30.0,HOU,SF,81.0,81.0,2859.0,12.9,0.551,0.581,0.187,2.6,11.6,7.1,10.0,2.8,0.8,10.8,15.7,3.1,2.3,5.4,0.09,0.1,0.3,0.4,1.7,DPOY-13,2016,False
5.0,Marcus Morris,26.0,DET,SF,80.0,80.0,2856.0,12.7,0.531,0.315,0.287,3.3,12.4,7.7,11.0,1.2,0.6,11.6,18.4,2.9,2.5,5.4,0.091,-0.3,0.1,-0.2,1.3,,2016,False
6.0,Khris Middleton,24.0,MIL,SG,79.0,79.0,2852.0,16.8,0.56,0.316,0.273,1.8,10.2,6.0,18.9,2.3,0.6,12.3,23.0,4.3,1.8,6.1,0.103,1.2,-0.5,0.6,1.9,,2016,False
7.0,Kyle Lowry,29.0,TOR,PG,77.0,77.0,2851.0,22.2,0.578,0.457,0.41,2.2,12.3,7.3,29.9,2.9,1.0,13.7,26.1,8.0,3.7,11.6,0.196,4.7,1.1,5.8,5.7,"MVP-10,DPOY-13,AS,NBA3",2016,False
8.0,Andrew Wiggins,20.0,MIN,SF,81.0,81.0,2845.0,16.5,0.543,0.147,0.437,4.3,7.5,5.9,10.1,1.4,1.3,10.6,27.2,3.4,0.7,4.1,0.069,0.9,-2.2,-1.3,0.5,,2016,False
9.0,Giannis Antetokounmpo,21.0,MIL,PG,80.0,79.0,2823.0,18.8,0.566,0.108,0.404,4.6,20.0,12.4,20.0,1.7,3.4,14.8,22.3,4.2,2.9,7.1,0.121,1.3,0.7,2.1,2.9,,2016,False
10.0,Paul George,25.0,IND,SF,81.0,81.0,2819.0,20.9,0.557,0.391,0.364,3.1,18.7,10.9,20.3,2.7,0.8,13.6,30.4,4.4,4.8,9.2,0.157,3.7,1.2,4.9,4.9,"AS,NBA3,DEF2",2016,False
11.0,Draymond Green,25.0,GSW,PF,81.0,81.0,2808.0,19.3,0.587,0.315,0.402,5.5,23.0,14.7,29.0,2.0,3.0,21.2,18.8,6.0,5.1,11.1,0.19,2.6,2.9,5.5,5.3,"MVP-7,DPOY-2,AS,NBA2,DEF1",2016,False
12.0,DeMar DeRozan,26.0,TOR,SG,78.0,78.0,2804.0,21.5,0.55,0.101,0.474,2.7,11.5,7.1,20.8,1.5,0.6,9.5,29.8,7.5,2.4,9.9,0.169,3.2,-0.7,2.5,3.2,AS,2016,False
13.0,Kentavious Caldwell-Pope,22.0,DET,SG,76.0,76.0,2789.0,12.4,0.521,0.384,0.238,2.6,8.6,5.5,7.8,2.0,0.5,9.0,18.2,2.6,2.7,5.3,0.092,-1.1,0.8,-0.3,1.2,,2016,False
14.0,John Wall,25.0,WAS,PG,77.0,77.0,2784.0,19.8,0.51,0.243,0.255,1.7,13.8,7.6,46.2,2.5,1.7,17.5,28.6,2.2,3.5,5.7,0.098,3.1,0.4,3.5,3.9,AS,2016,False
15.0,CJ McCollum,24.0,POR,SG,80.0,80.0,2780.0,17.7,0.544,0.33,0.158,1.8,8.3,5.0,21.6,1.7,0.6,11.4,27.1,4.4,1.7,6.0,0.104,2.3,-1.0,1.3,2.3,MIP-1,2016,False
16.0,Russell Westbrook,27.0,OKC,PG,80.0,80.0,2750.0,27.6,0.554,0.236,0.397,6.1,18.1,12.4,49.6,2.9,0.6,16.8,31.6,10.0,4.0,14.0,0.245,6.4,1.4,7.8,6.8,"MVP-4,AS,NBA1",2016,False
17.0,Monta Ellis,30.0,IND,SG,81.0,81.0,2734.0,13.7,0.504,0.276,0.202,1.7,9.1,5.4,22.2,2.7,1.1,15.4,21.2,0.4,3.9,4.3,0.075,-1.0,1.1,0.1,1.5,,2016,False
18.0,LeBron James,31.0,CLE,SF,76.0,76.0,2709.0,27.5,0.588,0.199,0.347,4.7,18.8,11.8,36.0,2.0,1.5,13.2,31.4,9.6,4.0,13.6,0.242,7.0,2.0,9.0,7.5,"MVP-3,DPOY-11,AS,NBA1",2016,False
19.0,Joe Johnson,34.0,2TM,SF,81.0,81.0,2703.0,12.0,0.538,0.364,0.165,2.0,10.2,6.1,18.0,1.1,0.1,14.7,17.9,1.9,0.8,2.7,0.048,-0.6,-1.3,-1.9,0.1,,2016,False
19.0,Joe Johnson,34.0,BRK,SF,57.0,57.0,1934.0,10.7,0.512,0.377,0.178,1.9,11.2,6.5,18.0,1.0,0.1,15.0,17.8,0.6,0.2,0.7,0.018,-1.2,-1.4,-2.6,-0.3,,2016,False
19.0,Joe Johnson,34.0,MIA,SF,24.0,24.0,769.0,15.2,0.603,0.335,0.135,2.3,7.6,5.0,17.9,1.4,0.2,13.9,18.4,1.3,0.6,2.0,0.123,0.8,-1.0,-0.1,0.4,,2016,False
20.0,Stephen Curry,27.0,GSW,PG,79.0,79.0,2700.0,31.5,0.669,0.554,0.25,2.9,13.6,8.6,33.7,3.0,0.4,12.9,32.6,13.8,4.1,17.9,0.318,10.3,1.6,11.9,9.5,"MVP-1,AS,NBA1",2016,False
21.0,Damian Lillard,25.0,POR,PG,75.0,75.0,2676.0,22.2,0.56,0.414,0.315,1.8,10.4,6.1,33.6,1.2,0.8,12.6,31.3,7.7,1.4,9.2,0.165,5.7,-1.3,4.4,4.3,"MVP-8,NBA2",2016,False
22.0,Andre Drummond,22.0,DET,C,81.0,81.0,2666.0,21.2,0.499,0.006,0.553,15.6,34.2,24.5,4.4,2.3,3.2,10.5,24.1,2.0,5.5,7.4,0.133,0.8,0.3,1.1,2.0,"DPOY-10,AS,NBA3",2016,False
23.0,Klay Thompson,25.0,GSW,SG,80.0,80.0,2666.0,18.6,0.597,0.469,0.159,1.5,10.3,6.2,9.8,1.1,1.4,8.5,26.3,5.5,2.6,8.0,0.144,3.4,-1.6,1.8,2.5,"AS,NBA3",2016,False
24.0,Paul Millsap,30.0,ATL,PF,81.0,81.0,2647.0,21.3,0.556,0.218,0.383,8.4,21.5,15.1,16.4,2.7,4.1,13.3,24.3,4.1,6.0,10.1,0.183,1.5,2.7,4.2,4.1,"DPOY-5,AS,DEF2",2016,False
25.0,Isaiah Thomas,26.0,BOS,PG,82.0,79.0,2644.0,21.5,0.562,0.336,0.394,1.8,8.0,4.9,32.7,1.7,0.3,11.9,29.6,7.2,2.5,9.7,0.177,4.9,-0.6,4.3,4.2,AS,2016,False
26.0,Wesley Matthews,29.0,DAL,SF,78.0,78.0,2644.0,10.9,0.532,0.615,0.171,1.1,8.8,4.9,8.9,1.5,0.5,7.8,17.2,1.9,1.8,3.7,0.067,-0.9,-0.1,-1.0,0.6,,2016,False
27.0,Al Horford,29.0,ATL,C,82.0,82.0,2631.0,19.4,0.565,0.244,0.123,6.3,18.2,12.4,16.7,1.3,3.6,8.8,20.6,4.9,4.5,9.4,0.172,2.2,1.6,3.8,3.9,"DPOY-13,AS",2016,False
28.0,Karl-Anthony Towns,20.0,MIN,C,82.0,82.0,2627.0,22.5,0.59,0.076,0.239,10.3,27.5,19.0,11.3,1.1,4.3,12.6,24.9,5.5,2.8,8.3,0.151,2.5,-0.4,2.2,2.7,ROY-1,2016,False
29.0,DeAndre Jordan,27.0,LAC,C,77.0,77.0,2598.0,20.6,0.628,0.002,1.219,11.4,32.7,22.2,5.3,1.0,5.4,12.1,15.4,6.0,5.5,11.5,0.213,1.5,1.3,2.8,3.2,"DPOY-4,NBA1,DEF1",2016,False
30.0,Kevin Durant,27.0,OKC,SF,72.0,72.0,2578.0,28.2,0.634,0.348,0.361,2.0,21.8,12.4,24.2,1.3,2.5,13.5,30.6,11.0,3.5,14.5,0.27,8.4,1.6,9.9,7.8,"MVP-5,AS,NBA2",2016,False
31.0,Evan Fournier,23.0,ORL,SF,79.0,71.0,2566.0,14.6,0.587,0.42,0.256,1.4,8.4,4.9,12.8,1.9,0.1,11.4,20.1,4.0,1.7,5.7,0.106,0.1,-0.5,-0.3,1.1,,2016,False
32.0,Jordan Clarkson,23.0,LAL,SG,79.0,79.0,2552.0,14.3,0.516,0.291,0.186,3.8,9.6,6.6,13.8,1.7,0.2,10.2,22.8,1.7,0.4,2.1,0.039,-0.1,-1.5,-1.6,0.2,,2016,False
33.0,Rodney Hood,23.0,UTA,SG,79.0,79.0,2541.0,14.1,0.542,0.462,0.206,1.8,10.5,6.1,14.4,1.5,0.5,10.5,21.5,3.4,2.5,6.0,0.112,0.7,0.0,0.7,1.7,,2016,False
34.0,P.J. Tucker,30.0,PHO,SF,82.0,80.0,2540.0,10.8,0.506,0.354,0.244,6.9,15.2,10.9,10.2,2.0,0.6,14.7,12.7,1.5,1.9,3.5,0.066,-1.5,0.4,-1.2,0.5,,2016,False
35.0,Rajon Rondo,29.0,SAC,PG,72.0,72.0,2537.0,16.9,0.506,0.217,0.192,3.3,15.2,9.3,48.0,2.7,0.3,24.7,18.8,2.3,2.3,4.6,0.087,1.0,0.0,1.0,1.9,,2016,False
36.0,Avery Bradley,25.0,BOS,SG,76.0,72.0,2536.0,13.2,0.538,0.399,0.121,2.0,7.3,4.6,9.8,2.2,0.6,9.2,19.8,2.0,2.8,4.8,0.09,-0.4,0.3,-0.1,1.2,"DPOY-6,DEF1",2016,False
37.0,Carmelo Anthony,31.0,NYK,SF,72.0,72.0,2530.0,20.3,0.53,0.237,0.308,4.3,19.5,12.0,21.9,1.3,1.1,10.6,29.7,3.9,2.5,6.4,0.121,3.8,-0.5,3.3,3.4,AS,2016,False
38.0,George Hill,29.0,IND,PG,74.0,73.0,2524.0,13.2,0.555,0.425,0.203,2.5,10.3,6.5,15.5,1.6,0.5,11.1,15.8,3.4,2.8,6.2,0.118,0.1,0.7,0.7,1.7,,2016,False
39.0,Tobias Harris,23.0,2TM,PF,76.0,74.0,2513.0,16.2,0.56,0.269,0.273,4.1,18.6,11.2,10.6,1.3,1.3,9.8,19.3,4.1,2.5,6.6,0.126,1.2,0.3,1.5,2.2,,2016,False
39.0,Tobias Harris,23.0,ORL,PF,49.0,49.0,1610.0,15.0,0.55,0.279,0.283,4.8,18.9,11.8,9.3,1.5,1.4,11.4,18.9,1.7,1.6,3.3,0.099,0.5,0.1,0.6,1.0,,2016,False
39.0,Tobias Harris,23.0,DET,PF,27.0,25.0,903.0,18.2,0.577,0.253,0.259,2.9,18.0,10.2,12.9,1.0,1.0,7.2,20.2,2.3,0.9,3.3,0.174,2.4,0.7,3.1,1.2,,2016,False
40.0,Serge Ibaka,26.0,OKC,PF,78.0,78.0,2500.0,13.9,0.533,0.212,0.139,6.5,16.2,11.6,3.9,0.8,4.5,10.5,17.6,2.5,3.0,5.5,0.105,-0.6,0.0,-0.6,0.8,,2016,False
41.0,Jimmy Butler,26.0,CHI,SG,67.0,67.0,2474.0,21.3,0.562,0.198,0.459,3.4,11.6,7.6,21.4,2.2,1.3,9.6,24.4,6.5,2.7,9.1,0.177,3.2,1.2,4.4,3.9,"DPOY-11,AS,DEF2",2016,False
42.0,Brook Lopez,27.0,BRK,C,73.0,73.0,2457.0,21.7,0.562,0.012,0.348,9.2,17.2,13.1,10.8,1.2,4.1,11.6,27.3,4.5,1.7,6.2,0.121,1.9,-0.5,1.3,2.1,,2016,False
43.0,Nicolas Batum,27.0,CHO,SF,70.0,70.0,2448.0,15.6,0.546,0.457,0.22,2.4,16.8,9.6,26.9,1.3,1.4,17.6,21.4,2.0,2.9,5.0,0.097,1.1,0.1,1.2,2.0,,2016,False
44.0,Gary Harris,21.0,DEN,SG,76.0,76.0,2439.0,12.7,0.566,0.388,0.174,2.4,7.7,5.0,9.5,2.0,0.6,10.6,16.5,2.8,1.2,4.0,0.079,-0.6,-0.2,-0.9,0.7,,2016,False
45.0,Reggie Jackson,25.0,DET,PG,79.0,79.0,2424.0,19.6,0.535,0.268,0.271,2.5,9.1,5.7,36.3,1.2,0.3,13.8,29.1,4.9,1.9,6.9,0.136,3.4,-0.6,2.7,2.8,,2016,False
46.0,Kevin Love,27.0,CLE,PF,77.0,77.0,2424.0,19.0,0.553,0.449,0.321,7.0,28.4,17.8,12.2,1.2,1.4,11.3,23.4,4.7,3.8,8.5,0.169,3.0,0.3,3.3,3.3,,2016,False
47.0,Chris Paul,30.0,LAC,PG,74.0,74.0,2420.0,26.2,0.575,0.295,0.294,1.8,12.0,7.0,52.7,3.1,0.4,13.4,27.1,9.2,3.5,12.7,0.253,5.9,2.0,7.9,6.0,"MVP-6,DPOY-13,AS,NBA2,DEF1",2016,False
48.0,Jabari Parker,20.0,MIL,PF,76.0,72.0,2408.0,14.8,0.535,0.039,0.254,5.9,12.8,9.4,8.9,1.5,1.0,10.4,20.9,2.4,1.2,3.6,0.072,-0.4,-1.6,-2.0,0.0,,2016,False
49.0,Thaddeus Young,27.0,BRK,PF,73.0,73.0,2407.0,17.5,0.533,0.031,0.169,8.1,23.0,15.4,9.6,2.3,1.2,11.6,21.6,1.9,2.2,4.1,0.081,0.1,-0.1,0.0,1.2,,2016,False
50.0,Kyle Korver,34.0,ATL,SG,80.0,80.0,2401.0,9.7,0.578,0.644,0.088,0.7,10.9,5.9,9.9,1.2,1.1,13.3,13.7,1.2,2.9,4.1,0.082,-1.5,0.6,-1.0,0.6,,2016,False
51.0,Luol Deng,30.0,MIA,PF,74.0,73.0,2394.0,15.0,0.549,0.344,0.258,5.3,15.4,10.5,9.0,1.6,0.9,8.9,17.4,3.5,2.8,6.4,0.128,0.7,0.2,0.8,1.7,,2016,False
52.0,Kawhi Leonard,24.0,SAS,SF,72.0,72.0,2380.0,26.0,0.616,0.267,0.306,4.7,18.4,11.8,13.0,2.8,2.3,7.8,25.8,8.3,5.5,13.7,0.277,6.1,3.0,9.1,6.7,"MVP-2,DPOY-1,AS,NBA1,DEF1",2016,False
53.0,Victor Oladipo,23.0,ORL,SG,72.0,52.0,2379.0,16.7,0.534,0.291,0.255,2.2,14.0,8.0,18.6,2.4,1.9,12.4,22.9,2.2,2.7,4.9,0.099,0.9,0.9,1.7,2.3,,2016,False
54.0,Rudy Gay,29.0,SAC,SF,70.0,70.0,2379.0,15.5,0.538,0.214,0.252,4.7,15.9,10.4,8.0,2.0,1.7,11.1,22.4,1.8,2.1,3.8,0.078,-0.1,-0.3,-0.3,1.0,,2016,False
55.0,Arron Afflalo,30.0,NYK,SG,71.0,57.0,2371.0,10.9,0.531,0.298,0.164,1.1,11.0,6.1,9.9,0.5,0.3,8.7,17.9,1.8,0.9,2.7,0.055,-1.3,-1.6,-2.9,-0.5,,2016,False
56.0,Dirk Nowitzki,37.0,DAL,PF,75.0,75.0,2364.0,19.0,0.555,0.308,0.252,2.4,20.3,11.4,10.1,1.1,1.8,6.4,25.5,4.2,2.6,6.8,0.138,2.4,0.1,2.5,2.7,,2016,False
57.0,Goran Dragić,29.0,MIA,PG,72.0,72.0,2363.0,15.5,0.537,0.234,0.189,2.7,10.4,6.6,28.7,1.5,0.6,16.3,21.9,2.4,2.3,4.7,0.096,0.1,-0.5,-0.4,1.0,,2016,False
58.0,J.R. Smith,30.0,CLE,SG,77.0,77.0,2362.0,12.4,0.542,0.6,0.084,2.1,8.3,5.2,8.5,1.8,0.7,6.3,18.0,3.0,2.5,5.5,0.111,0.2,0.3,0.5,1.5,,2016,False
59.0,Will Barton,25.0,DEN,SG,82.0,1.0,2353.0,16.0,0.535,0.331,0.273,2.7,20.0,11.2,14.4,1.5,1.3,11.2,23.0,2.4,1.9,4.3,0.088,1.2,-0.4,0.8,1.7,6MOY-4,2016,False
60.0,Al-Farouq Aminu,25.0,POR,SF,82.0,82.0,2341.0,12.7,0.533,0.485,0.217,4.5,18.6,11.5,8.8,1.5,1.8,13.2,16.9,1.7,2.3,4.0,0.082,-0.2,0.2,0.1,1.2,,2016,False
61.0,Marvin Williams,29.0,CHO,PF,81.0,81.0,2338.0,16.9,0.585,0.506,0.193,5.9,18.6,12.2,7.6,1.2,2.7,7.1,16.8,4.7,3.2,7.8,0.161,2.1,0.5,2.7,2.7,,2016,False
62.0,Courtney Lee,30.0,2TM,SG,79.0,65.0,2334.0,11.5,0.551,0.34,0.185,1.4,8.7,4.9,9.1,1.9,1.1,9.4,14.7,2.1,1.7,3.9,0.08,-1.3,0.3,-1.0,0.6,,2016,False
62.0,Courtney Lee,30.0,MEM,SG,51.0,37.0,1489.0,11.7,0.556,0.329,0.22,1.4,7.9,4.5,8.1,1.8,1.0,9.6,15.3,1.5,0.8,2.2,0.072,-0.9,-0.1,-0.9,0.4,,2016,False
62.0,Courtney Lee,30.0,CHO,SG,28.0,28.0,845.0,11.2,0.54,0.359,0.118,1.3,10.1,5.6,10.9,2.0,1.2,9.0,13.6,0.7,1.0,1.6,0.093,-2.1,1.1,-1.0,0.2,,2016,False
63.0,Ricky Rubio,25.0,MIN,PG,76.0,76.0,2323.0,17.6,0.529,0.324,0.536,2.0,14.1,8.2,41.4,3.5,0.4,21.0,17.7,3.6,2.2,5.8,0.119,1.0,0.8,1.8,2.3,,2016,False
64.0,Greg Monroe,25.0,MIL,C,79.0,67.0,2314.0,21.8,0.562,0.001,0.327,10.9,23.4,17.2,13.2,1.6,2.5,10.7,23.5,5.0,2.4,7.5,0.155,2.7,-0.6,2.1,2.4,,2016,False
65.0,Jae Crowder,25.0,BOS,SF,73.0,73.0,2308.0,15.8,0.565,0.446,0.294,3.2,14.2,8.6,8.9,2.7,1.2,8.3,18.5,3.8,3.5,7.3,0.152,0.8,1.4,2.2,2.5,DPOY-13,2016,False
66.0,Zach LaVine,20.0,MIN,SG,82.0,33.0,2294.0,14.3,0.548,0.33,0.212,1.4,10.1,5.8,18.6,1.5,0.6,12.9,23.5,1.9,0.7,2.6,0.054,0.2,-1.6,-1.5,0.3,6MOY-14,2016,False
67.0,Pau Gasol,35.0,CHI,C,72.0,72.0,2291.0,21.7,0.529,0.069,0.29,7.3,28.7,18.2,21.7,0.9,4.7,12.8,24.6,3.2,3.9,7.1,0.149,2.7,2.3,4.9,4.0,AS,2016,False
68.0,Julius Randle,21.0,LAL,PF,81.0,60.0,2286.0,13.9,0.482,0.043,0.323,7.8,32.0,19.5,11.0,1.2,1.0,13.5,21.2,-0.3,1.9,1.6,0.035,-1.9,-1.3,-3.2,-0.7,,2016,False
69.0,Dwight Howard,30.0,HOU,C,71.0,71.0,2280.0,18.9,0.604,0.01,0.79,11.4,29.1,20.2,7.0,1.5,4.1,17.0,18.4,3.5,3.1,6.6,0.138,0.3,-0.2,0.1,1.2,,2016,False
70.0,Otto Porter Jr.,22.0,WAS,SF,75.0,73.0,2276.0,14.5,0.564,0.372,0.176,4.7,14.7,9.6,7.9,2.2,1.1,8.3,16.2,3.0,2.7,5.6,0.119,0.3,0.8,1.1,1.8,,2016,False
71.0,Evan Turner,27.0,BOS,SG,81.0,12.0,2271.0,13.6,0.513,0.11,0.238,2.3,16.5,9.3,23.9,1.7,1.0,16.9,18.8,1.0,3.0,4.0,0.085,-0.9,0.9,0.0,1.1,6MOY-5,2016,False
72.0,Tristan Thompson,24.0,CLE,PF,82.0,34.0,2269.0,15.9,0.611,0.0,0.576,13.5,23.3,18.4,4.0,0.9,1.8,10.4,11.7,5.6,3.1,8.7,0.185,0.5,-0.3,0.2,1.2,6MOY-10,2016,False
73.0,LaMarcus Aldridge,30.0,SAS,PF,74.0,74.0,2261.0,22.4,0.565,0.015,0.289,9.2,22.2,15.9,8.1,0.9,2.8,7.8,25.9,5.6,4.5,10.1,0.215,2.0,0.3,2.3,2.5,"AS,NBA3",2016,False
74.0,D'Angelo Russell,19.0,LAL,PG,80.0,48.0,2259.0,13.2,0.507,0.387,0.199,2.2,11.2,6.5,21.2,2.1,0.5,15.9,24.1,-0.7,0.7,0.0,0.001,-0.7,-1.6,-2.3,-0.1,ROY-9,2016,False
75.0,Dwyane Wade,34.0,MIA,SG,74.0,73.0,2258.0,20.3,0.517,0.037,0.343,4.3,10.7,7.6,27.4,1.8,1.4,13.0,31.6,2.4,2.6,4.9,0.105,2.3,-0.4,1.9,2.2,AS,2016,False
76.0,Marcin Gortat,31.0,WAS,C,75.0,74.0,2256.0,19.0,0.592,0.001,0.271,10.8,26.3,18.4,7.5,1.0,3.4,12.4,18.9,4.2,3.1,7.3,0.156,0.5,0.1,0.6,1.5,,2016,False
77.0,Jeff Teague,27.0,ATL,PG,79.0,78.0,2255.0,17.9,0.551,0.277,0.316,1.6,8.6,5.2,34.4,2.1,0.8,16.2,26.6,2.8,3.0,5.9,0.125,1.5,-0.2,1.3,1.9,,2016,False
78.0,Jeff Green,29.0,2TM,SF,80.0,41.0,2253.0,13.0,0.51,0.258,0.267,3.6,13.3,8.3,10.0,1.3,1.5,9.2,20.2,1.3,1.7,3.1,0.065,-0.8,-0.9,-1.8,0.1,,2016,False
78.0,Jeff Green,29.0,MEM,SF,53.0,31.0,1544.0,13.4,0.517,0.244,0.278,3.9,14.4,8.9,10.5,1.3,1.1,9.9,20.2,1.2,1.0,2.2,0.067,-0.4,-1.0,-1.4,0.2,,2016,False
78.0,Jeff Green,29.0,LAC,SF,27.0,10.0,709.0,12.0,0.496,0.288,0.243,3.0,10.9,7.0,8.9,1.3,2.3,7.5,20.4,0.1,0.8,0.9,0.061,-1.8,-0.7,-2.5,-0.1,,2016,False
79.0,DeMarcus Cousins,25.0,SAC,C,65.0,65.0,2246.0,23.6,0.538,0.158,0.498,7.7,28.2,18.0,17.0,2.2,3.3,13.3,35.4,2.4,3.3,5.7,0.122,2.7,0.6,3.3,3.0,"AS,NBA2",2016,False
80.0,Ish Smith,27.0,2TM,PG,77.0,53.0,2239.0,14.9,0.465,0.176,0.182,2.0,13.3,7.5,38.3,1.9,0.8,14.4,23.9,0.0,1.3,1.3,0.027,-0.3,-1.3,-1.6,0.2,,2016,False
80.0,Ish Smith,27.0,NOP,PG,27.0,3.0,617.0,16.3,0.484,0.145,0.189,2.4,14.5,8.3,39.1,1.9,0.8,15.4,20.9,0.5,0.4,0.9,0.07,0.9,-0.5,0.3,0.4,,2016,False
80.0,Ish Smith,27.0,PHI,PG,50.0,50.0,1622.0,14.4,0.46,0.185,0.18,1.9,12.8,7.1,37.9,1.9,0.8,14.0,25.0,-0.6,0.9,0.4,0.011,-0.7,-1.6,-2.3,-0.1,,2016,False
81.0,Justise Winslow,19.0,MIA,SF,78.0,8.0,2232.0,8.4,0.489,0.251,0.253,4.2,15.8,10.2,7.4,1.6,0.9,15.6,12.5,-0.2,2.7,2.5,0.054,-3.3,0.7,-2.6,-0.3,ROY-6,2016,False
82.0,Gorgui Dieng,26.0,MIN,C,82.0,39.0,2220.0,17.1,0.601,0.035,0.428,8.3,22.1,15.3,10.1,2.1,3.5,16.9,16.7,3.4,2.5,5.9,0.127,-0.1,0.8,0.8,1.5,,2016,False
83.0,Robin Lopez,27.0,NYK,C,82.0,82.0,2219.0,17.6,0.574,0.002,0.243,13.4,16.2,14.8,8.5,0.4,4.4,15.4,17.7,3.7,2.1,5.8,0.126,0.4,-0.5,-0.2,1.0,,2016,False
84.0,Darren Collison,28.0,SAC,PG,74.0,15.0,2219.0,15.9,0.591,0.28,0.291,1.4,6.8,4.1,21.7,1.6,0.1,12.9,19.2,4.5,0.7,5.2,0.113,0.9,-0.8,0.1,1.2,6MOY-15,2016,False
85.0,Raymond Felton,31.0,DAL,PG,80.0,31.0,2192.0,11.9,0.502,0.312,0.258,1.8,11.1,6.5,20.3,1.6,0.6,13.7,18.4,1.0,1.7,2.7,0.059,-1.7,0.1,-1.6,0.2,,2016,False
86.0,Matt Barnes,35.0,MEM,SF,76.0,45.0,2190.0,11.7,0.503,0.534,0.199,4.2,18.3,10.9,11.6,1.8,2.4,13.8,17.9,0.4,2.2,2.6,0.056,-1.1,0.2,-0.9,0.6,,2016,False
87.0,Anthony Davis,22.0,NOP,C,61.0,61.0,2164.0,25.0,0.559,0.095,0.379,6.4,26.4,16.1,10.0,1.8,4.7,8.4,29.6,4.4,2.8,7.2,0.16,3.6,0.4,3.9,3.2,"DPOY-9,AS",2016,False
88.0,Hollis Thompson,24.0,PHI,SG,77.0,17.0,2154.0,9.2,0.525,0.576,0.141,2.6,11.4,6.9,7.4,0.8,0.8,9.5,16.2,0.7,0.5,1.2,0.026,-1.6,-1.7,-3.4,-0.7,,2016,False
89.0,Dion Waiters,24.0,OKC,SG,78.0,15.0,2152.0,9.4,0.492,0.34,0.222,1.9,8.0,5.1,10.0,1.9,0.5,13.4,17.7,0.3,1.8,2.1,0.046,-2.4,-0.4,-2.8,-0.4,,2016,False
90.0,Elfrid Payton,21.0,ORL,PG,73.0,69.0,2145.0,13.9,0.478,0.126,0.26,3.9,9.6,6.7,32.8,2.1,0.8,17.9,20.4,0.5,1.7,2.2,0.05,-0.7,-0.6,-1.2,0.4,,2016,False
91.0,Jamal Crawford,35.0,LAC,SG,79.0,5.0,2126.0,14.0,0.529,0.366,0.289,1.0,6.3,3.7,14.0,1.2,0.4,9.6,24.9,1.8,1.5,3.3,0.076,0.1,-1.5,-1.4,0.3,6MOY-1,2016,False
92.0,Hassan Whiteside,26.0,MIA,C,73.0,43.0,2125.0,25.6,0.629,0.0,0.482,13.1,32.4,23.1,2.4,1.1,9.7,14.2,20.7,5.0,5.3,10.3,0.233,1.7,2.4,4.1,3.3,"DPOY-3,DEF2",2016,False
93.0,Bojan Bogdanović,26.0,BRK,SF,79.0,39.0,2115.0,10.7,0.55,0.451,0.176,1.9,11.8,6.8,7.3,0.7,0.2,12.5,19.4,0.9,0.0,0.9,0.021,-1.0,-2.6,-3.5,-0.8,,2016,False
94.0,Devin Booker,19.0,PHO,SG,76.0,51.0,2108.0,11.9,0.535,0.333,0.295,1.4,8.4,4.8,15.8,1.0,0.8,14.0,23.0,1.2,0.7,1.9,0.043,-1.2,-1.7,-2.8,-0.5,ROY-4,2016,False
95.0,Deron Williams,31.0,DAL,PG,65.0,63.0,2106.0,14.6,0.53,0.364,0.266,1.0,8.9,5.0,29.3,1.5,0.6,14.8,22.0,2.2,1.4,3.7,0.083,0.4,-0.7,-0.3,0.9,,2016,False
96.0,Allen Crabbe,23.0,POR,SG,81.0,8.0,2105.0,12.2,0.572,0.42,0.167,1.4,9.7,5.6,7.2,1.5,0.6,8.1,16.4,3.1,1.2,4.3,0.098,-0.9,-0.1,-1.0,0.5,6MOY-16,2016,False
97.0,Jared Dudley,30.0,WAS,PF,81.0,41.0,2098.0,11.7,0.602,0.489,0.201,2.8,12.6,7.6,11.4,1.7,0.7,13.1,12.7,2.6,2.0,4.6,0.105,-0.8,0.7,-0.1,1.0,,2016,False
98.0,JJ Redick,31.0,LAC,SG,75.0,75.0,2097.0,17.5,0.632,0.478,0.233,0.5,6.6,3.6,8.6,1.0,0.2,7.4,22.6,5.3,1.4,6.7,0.154,3.3,-1.1,2.2,2.2,,2016,False
99.0,Derrick Rose,27.0,CHI,PG,66.0,66.0,2097.0,13.4,0.479,0.143,0.171,2.4,8.8,5.6,25.5,1.1,0.5,13.4,27.3,-0.8,1.2,0.4,0.009,-0.6,-1.9,-2.5,-0.3,,2016,False
100.0,Mason Plumlee,25.0,POR,C,82.0,82.0,2084.0,17.2,0.564,0.008,0.648,10.4,22.2,16.3,16.2,1.6,3.2,18.8,17.1,3.4,2.7,6.1,0.14,0.0,1.6,1.5,1.9,,2016,False
101.0,Kent Bazemore,26.0,ATL,SF,75.0,68.0,2083.0,13.4,0.551,0.421,0.208,1.5,18.0,9.9,12.7,2.3,1.4,14.8,20.0,0.3,3.8,4.1,0.094,-1.2,1.5,0.3,1.2,,2016,False
102.0,Emmanuel Mudiay,19.0,DEN,PG,68.0,66.0,2068.0,9.9,0.437,0.256,0.231,1.7,10.9,6.2,29.0,1.6,1.4,17.9,25.7,-3.3,1.2,-2.1,-0.049,-2.3,-1.9,-4.2,-1.2,ROY-7,2016,False
103.0,Jerami Grant,21.0,PHI,PF,77.0,52.0,2066.0,12.6,0.506,0.244,0.538,5.0,14.3,9.5,10.4,1.3,4.7,12.9,18.0,0.5,1.6,2.1,0.05,-2.1,0.4,-1.7,0.1,,2016,False
104.0,Danny Green,28.0,SAS,SG,79.0,79.0,2062.0,10.5,0.492,0.622,0.082,2.7,13.6,8.4,9.3,2.0,2.4,11.4,14.6,0.2,4.1,4.2,0.099,-1.0,2.1,1.1,1.6,,2016,False
105.0,Jeremy Lin,27.0,CHO,SG,78.0,13.0,2048.0,13.8,0.534,0.31,0.401,2.2,11.4,6.8,18.6,1.4,1.7,14.9,22.2,1.3,2.3,3.5,0.082,-1.0,0.0,-0.9,0.5,6MOY-7,2016,False
106.0,Kristaps Porziņģis,20.0,NYK,PF,72.0,72.0,2047.0,17.7,0.518,0.274,0.271,7.1,20.7,14.0,7.9,1.3,5.0,10.9,24.6,1.5,2.9,4.4,0.102,0.6,0.3,0.9,1.5,ROY-2,2016,False
107.0,Cory Joseph,24.0,TOR,SG,80.0,4.0,2046.0,12.4,0.512,0.188,0.297,2.2,9.4,5.9,19.3,1.6,0.8,13.4,17.0,1.8,1.7,3.5,0.082,-1.1,-0.1,-1.2,0.4,,2016,False
108.0,Harrison Barnes,23.0,GSW,SF,66.0,59.0,2042.0,12.3,0.559,0.338,0.212,4.3,12.4,8.6,7.8,1.0,0.4,7.6,15.9,3.1,1.9,4.9,0.116,-0.2,-1.1,-1.3,0.3,,2016,False
109.0,Patrick Beverley,27.0,HOU,PG,71.0,63.0,2041.0,13.0,0.553,0.522,0.148,3.9,9.6,6.8,17.9,2.3,1.1,12.6,15.3,3.1,1.3,4.4,0.103,0.0,0.1,0.2,1.1,,2016,False
110.0,Nikola Vučević,25.0,ORL,C,65.0,60.0,2037.0,21.1,0.531,0.009,0.143,9.3,22.2,15.7,15.9,1.3,2.8,10.0,26.8,2.8,2.4,5.2,0.122,1.9,0.0,1.9,2.0,,2016,False
111.0,Langston Galloway,24.0,NYK,PG,82.0,7.0,2033.0,11.7,0.49,0.381,0.194,2.3,13.0,7.7,15.7,1.9,0.8,8.7,15.6,1.4,1.8,3.3,0.077,-1.7,0.7,-1.0,0.5,,2016,False
112.0,José Calderón,34.0,NYK,PG,72.0,72.0,2024.0,12.3,0.571,0.446,0.105,1.2,11.0,6.2,22.3,1.6,0.3,15.4,12.6,2.7,1.4,4.0,0.096,-0.8,0.1,-0.6,0.7,,2016,False
113.0,Patrick Patterson,26.0,TOR,PF,79.0,0.0,2020.0,10.6,0.534,0.594,0.069,4.4,14.8,9.7,7.1,1.4,1.3,11.3,12.9,1.6,2.0,3.6,0.086,-0.1,0.0,-0.1,1.0,6MOY-16,2016,False
114.0,Zach Randolph,34.0,MEM,PF,68.0,53.0,2016.0,18.3,0.519,0.029,0.238,9.7,20.7,15.0,12.9,1.1,0.6,9.5,24.6,2.8,1.5,4.3,0.103,1.4,-1.7,-0.3,0.9,,2016,False
115.0,Steven Adams,22.0,OKC,C,80.0,80.0,2014.0,15.5,0.621,0.0,0.46,12.5,16.1,14.4,4.3,1.0,3.3,14.1,12.6,4.2,2.3,6.5,0.155,0.0,0.2,0.2,1.1,,2016,False
116.0,Ryan Anderson,27.0,NOP,PF,66.0,7.0,2008.0,17.2,0.546,0.385,0.245,7.0,15.2,10.9,6.1,0.9,1.0,8.0,24.7,3.1,0.8,3.9,0.092,2.2,-2.4,-0.2,0.9,6MOY-6,2016,False
117.0,Zaza Pachulia,31.0,DAL,C,76.0,69.0,2004.0,16.2,0.55,0.006,0.587,13.7,25.7,19.7,9.7,1.6,0.9,16.8,16.2,3.4,2.7,6.0,0.145,-0.3,0.1,-0.2,0.9,,2016,False
118.0,Derrick Favors,24.0,UTA,PF,62.0,59.0,1983.0,21.6,0.551,0.005,0.313,10.0,19.6,14.8,8.9,2.0,3.9,10.1,23.9,3.8,3.4,7.1,0.173,2.1,1.2,3.3,2.6,,2016,False
119.0,Tony Parker,33.0,SAS,PG,72.0,72.0,1980.0,16.2,0.546,0.092,0.241,1.0,8.8,5.1,29.1,1.4,0.4,14.3,21.2,2.9,2.9,5.8,0.142,0.2,0.2,0.4,1.2,,2016,False
120.0,Dante Cunningham,28.0,NOP,SF,80.0,46.0,1971.0,8.6,0.54,0.422,0.199,3.1,10.4,6.6,5.6,1.1,1.4,8.4,11.0,1.5,0.7,2.1,0.052,-2.3,-0.5,-2.8,-0.4,,2016,False
121.0,Isaiah Canaan,24.0,PHI,SG,77.0,39.0,1966.0,11.1,0.528,0.672,0.249,1.1,8.8,4.8,11.3,1.4,0.5,10.2,19.9,0.9,0.5,1.4,0.035,-0.8,-1.6,-2.4,-0.2,,2016,False
122.0,Nerlens Noel,21.0,PHI,C,67.0,62.0,1965.0,16.2,0.544,0.003,0.387,8.2,22.2,15.0,10.5,2.9,3.9,18.7,18.8,0.3,2.8,3.0,0.074,-1.7,1.5,-0.2,0.9,,2016,False
123.0,Garrett Temple,29.0,WAS,SF,80.0,43.0,1951.0,9.3,0.52,0.511,0.248,2.0,10.3,6.1,10.0,1.7,0.7,10.3,14.0,1.0,1.7,2.7,0.066,-2.5,0.4,-2.1,0.0,,2016,False
124.0,Taj Gibson,30.0,CHI,PF,73.0,55.0,1936.0,15.7,0.556,0.006,0.292,11.4,15.9,13.7,8.3,1.2,2.9,12.1,14.6,3.2,2.2,5.4,0.133,-0.4,0.4,0.0,1.0,,2016,False
125.0,Rudy Gobert,23.0,UTA,C,61.0,60.0,1932.0,17.5,0.582,0.0,0.799,12.6,27.7,20.2,7.4,1.2,5.9,19.2,14.2,2.6,3.8,6.4,0.16,0.0,2.2,2.2,2.0,DPOY-7,2016,False
126.0,Jared Sullinger,23.0,BOS,PF,81.0,73.0,1915.0,16.7,0.476,0.128,0.2,10.6,27.0,18.7,15.5,1.9,1.9,10.4,21.8,1.3,3.6,4.8,0.121,0.0,0.7,0.6,1.3,,2016,False
127.0,Lou Williams,29.0,LAL,SG,67.0,35.0,1907.0,17.7,0.584,0.462,0.612,1.7,8.1,4.8,15.1,1.6,0.8,10.8,22.8,4.5,0.3,4.7,0.119,2.4,-1.1,1.3,1.6,,2016,False
128.0,Robert Covington,25.0,PHI,SF,67.0,49.0,1903.0,13.2,0.543,0.677,0.249,3.6,20.9,12.0,8.4,2.7,1.6,15.3,21.5,-0.1,2.1,2.0,0.05,-1.1,0.1,-0.9,0.5,,2016,False
129.0,Ersan İlyasova,28.0,2TM,PF,74.0,56.0,1881.0,14.2,0.526,0.392,0.233,8.1,15.6,11.7,5.6,1.4,1.4,8.9,18.6,2.4,2.0,4.4,0.113,0.2,-0.4,-0.2,0.9,,2016,False
129.0,Ersan İlyasova,28.0,DET,PF,52.0,52.0,1434.0,14.1,0.53,0.423,0.215,7.3,14.5,10.7,6.1,1.3,1.4,9.6,18.7,1.8,1.5,3.3,0.111,0.4,0.1,0.5,0.9,,2016,False
129.0,Ersan İlyasova,28.0,ORL,PF,22.0,4.0,447.0,14.7,0.515,0.288,0.294,11.0,19.1,15.0,4.0,1.6,1.1,6.5,18.3,0.6,0.5,1.1,0.117,-0.5,-1.9,-2.4,0.0,,2016,False
130.0,Omri Casspi,27.0,SAC,PF,69.0,21.0,1880.0,13.9,0.587,0.441,0.256,3.4,20.1,11.8,7.5,1.4,0.7,12.0,17.8,2.1,1.5,3.6,0.092,0.4,-0.2,0.1,1.0,,2016,False
131.0,Roy Hibbert,29.0,LAL,C,81.0,81.0,1878.0,11.2,0.507,0.005,0.353,7.3,15.8,11.4,8.0,0.9,4.6,13.8,12.9,1.1,1.0,2.2,0.056,-3.5,0.2,-3.2,-0.6,,2016,False
132.0,Brandon Knight,24.0,PHO,SG,52.0,50.0,1870.0,14.7,0.522,0.392,0.204,2.0,9.9,5.9,24.4,1.6,0.9,15.4,26.2,0.7,0.9,1.7,0.043,0.9,-1.5,-0.6,0.6,,2016,False
133.0,Matthew Dellavedova,25.0,CLE,PG,76.0,14.0,1867.0,11.3,0.527,0.468,0.129,2.0,7.8,4.9,26.2,1.2,0.4,17.7,15.9,2.2,1.6,3.8,0.098,-0.7,-0.5,-1.2,0.4,,2016,False
134.0,Aaron Gordon,20.0,ORL,PF,78.0,37.0,1863.0,17.0,0.541,0.245,0.333,9.0,21.3,15.1,10.3,1.6,2.4,9.0,17.3,3.2,2.2,5.4,0.139,0.9,0.1,1.0,1.4,,2016,False
135.0,Kobe Bryant,37.0,LAL,SF,66.0,66.0,1863.0,14.9,0.469,0.42,0.252,2.3,12.3,7.1,19.1,1.7,0.5,9.4,32.2,-0.9,0.5,-0.4,-0.01,0.9,-2.4,-1.6,0.2,AS,2016,False
136.0,Doug McDermott,24.0,CHI,SF,81.0,4.0,1861.0,10.9,0.561,0.402,0.13,2.1,8.8,5.5,5.0,0.4,0.2,7.2,17.3,2.1,0.7,2.8,0.073,-1.0,-1.9,-2.9,-0.4,,2016,False
137.0,Danilo Gallinari,27.0,DEN,SF,53.0,53.0,1839.0,19.0,0.582,0.341,0.617,3.1,14.0,8.5,11.8,1.1,0.8,8.0,23.0,5.5,0.9,6.3,0.165,3.4,-0.7,2.7,2.2,,2016,False
138.0,Jrue Holiday,25.0,NOP,PG,65.0,23.0,1831.0,19.7,0.529,0.277,0.231,1.6,10.5,5.9,37.3,2.4,1.0,14.0,28.9,2.2,1.2,3.4,0.089,2.7,-0.6,2.1,1.9,6MOY-16,2016,False
139.0,Alex Len,22.0,PHO,C,78.0,46.0,1821.0,12.4,0.482,0.011,0.383,10.4,25.4,17.7,8.5,1.0,2.8,16.6,20.4,-0.5,1.8,1.3,0.035,-3.5,-0.8,-4.3,-1.0,,2016,False
140.0,Ian Mahinmi,29.0,IND,C,71.0,71.0,1816.0,16.6,0.603,0.0,0.502,8.3,22.1,15.3,8.9,1.8,3.3,15.5,15.7,2.9,3.3,6.2,0.163,-0.9,1.9,0.9,1.4,,2016,False
141.0,Nik Stauskas,22.0,PHI,SG,73.0,35.0,1809.0,9.2,0.517,0.596,0.217,1.3,10.0,5.5,12.0,1.2,0.8,13.6,16.7,0.0,0.5,0.5,0.012,-2.3,-1.5,-3.8,-0.8,,2016,False
142.0,Bismack Biyombo,23.0,TOR,C,82.0,22.0,1808.0,14.9,0.586,0.003,0.785,11.7,29.5,20.8,2.4,0.5,6.1,15.5,11.5,2.8,3.1,5.9,0.156,-1.3,1.1,-0.2,0.8,,2016,False
143.0,Amir Johnson,28.0,BOS,PF,79.0,76.0,1800.0,16.0,0.602,0.101,0.284,10.3,19.6,14.9,11.4,1.4,3.6,16.4,13.6,3.0,2.9,5.9,0.158,-0.4,1.6,1.2,1.4,,2016,False
144.0,Chandler Parsons,27.0,DAL,SF,61.0,51.0,1799.0,16.2,0.589,0.386,0.209,1.8,15.6,8.7,16.0,1.3,1.0,11.8,20.5,2.6,1.6,4.3,0.114,1.8,0.2,2.0,1.8,,2016,False
145.0,Marc Gasol,31.0,MEM,C,52.0,52.0,1791.0,17.7,0.528,0.004,0.347,3.5,20.2,11.5,18.9,1.4,3.6,12.7,23.4,1.8,1.9,3.7,0.098,0.8,0.9,1.7,1.7,,2016,False
146.0,Chris Bosh,31.0,MIA,PF,53.0,53.0,1778.0,20.2,0.571,0.289,0.349,3.2,21.1,12.4,12.1,1.0,1.5,8.1,24.7,4.1,2.3,6.4,0.172,3.6,0.5,4.0,2.7,AS,2016,False
147.0,Cody Zeller,23.0,CHO,C,73.0,60.0,1774.0,16.1,0.592,0.023,0.531,8.4,19.7,14.0,6.3,1.6,2.9,11.2,15.4,3.6,2.7,6.3,0.169,-1.1,1.0,-0.1,0.9,,2016,False
148.0,Mike Conley,28.0,MEM,PG,56.0,56.0,1761.0,19.4,0.538,0.309,0.329,1.6,9.3,5.3,32.7,2.0,0.8,9.5,22.4,4.2,1.1,5.3,0.144,3.5,-0.5,3.0,2.2,,2016,False
149.0,Thabo Sefolosha,31.0,ATL,SF,75.0,11.0,1758.0,12.4,0.578,0.331,0.266,3.3,17.1,10.4,8.8,2.4,1.7,14.1,12.3,1.3,3.2,4.5,0.122,-1.5,2.3,0.8,1.3,,2016,False
150.0,Shane Larkin,23.0,BRK,PG,78.0,17.0,1751.0,13.3,0.515,0.215,0.213,1.8,9.9,5.8,29.3,2.7,0.6,21.0,17.7,0.5,1.0,1.4,0.039,-1.6,-0.4,-2.0,0.0,,2016,False
151.0,Terrence Ross,24.0,TOR,SF,73.0,7.0,1747.0,12.9,0.551,0.542,0.099,1.4,10.6,6.1,5.3,1.6,1.2,6.6,18.2,2.1,1.6,3.6,0.1,0.6,-0.3,0.3,1.0,,2016,False
152.0,Nikola Jokić,20.0,DEN,C,80.0,55.0,1733.0,21.5,0.582,0.14,0.317,11.4,24.7,17.9,18.1,2.3,2.3,13.2,19.9,4.5,2.2,6.7,0.185,2.6,1.3,3.9,2.6,ROY-3,2016,False
153.0,Andre Iguodala,32.0,GSW,SF,65.0,1.0,1732.0,12.2,0.565,0.418,0.226,3.4,12.4,8.2,16.3,2.0,0.8,16.3,12.1,2.3,2.1,4.4,0.122,-0.2,1.3,1.1,1.4,6MOY-2,2016,False
154.0,Enes Freedom,23.0,OKC,C,82.0,1.0,1721.0,24.0,0.626,0.029,0.349,16.7,24.9,21.0,3.1,0.7,1.5,12.2,23.4,6.0,2.1,8.1,0.226,3.3,-2.1,1.2,1.4,6MOY-3,2016,False
155.0,Frank Kaminsky,22.0,CHO,C,81.0,3.0,1708.0,12.5,0.513,0.385,0.282,4.4,17.2,10.7,9.0,1.1,2.0,8.9,17.1,1.2,2.1,3.3,0.093,-1.0,0.2,-0.8,0.5,,2016,False
156.0,Bradley Beal,22.0,WAS,SG,55.0,35.0,1708.0,15.5,0.547,0.339,0.22,2.6,9.8,6.2,15.6,1.5,0.5,11.3,25.3,1.4,1.3,2.7,0.076,1.2,-0.9,0.3,1.0,,2016,False
157.0,Kenneth Faried,26.0,DEN,PF,67.0,64.0,1694.0,21.0,0.577,0.003,0.355,15.1,23.0,19.0,8.1,0.9,2.9,11.2,21.0,4.0,1.5,5.5,0.156,1.7,-1.4,0.3,1.0,,2016,False
158.0,Stanley Johnson,19.0,DET,SF,73.0,6.0,1687.0,8.7,0.46,0.342,0.17,3.6,16.7,9.9,10.8,1.6,0.5,15.0,19.6,-1.3,1.9,0.6,0.018,-3.5,0.2,-3.3,-0.5,,2016,False
159.0,Mirza Teletović,30.0,PHO,PF,79.0,1.0,1686.0,16.2,0.571,0.592,0.199,3.5,16.3,9.7,9.1,0.9,1.0,9.0,23.4,2.9,0.9,3.8,0.109,2.8,-1.4,1.3,1.4,6MOY-16,2016,False
160.0,Ed Davis,26.0,POR,PF,81.0,0.0,1684.0,18.7,0.616,0.0,0.605,14.4,24.2,19.3,7.7,1.7,3.3,13.0,12.7,4.4,2.3,6.7,0.192,1.0,0.9,1.9,1.6,6MOY-8,2016,False
161.0,Shabazz Muhammad,23.0,MIN,SF,82.0,0.0,1682.0,15.2,0.548,0.223,0.355,7.0,11.4,9.2,5.2,0.7,0.3,8.2,22.8,2.6,0.2,2.7,0.077,0.6,-3.1,-2.5,-0.2,,2016,False
162.0,Marco Belinelli,29.0,SAC,SG,68.0,7.0,1672.0,9.4,0.5,0.468,0.217,0.7,6.9,3.8,11.1,1.1,0.1,10.3,19.7,0.2,0.3,0.5,0.014,-2.1,-1.7,-3.8,-0.8,,2016,False
163.0,Corey Brewer,29.0,HOU,SF,82.0,12.0,1669.0,9.9,0.481,0.406,0.254,2.8,10.4,6.6,10.0,2.5,0.9,11.3,17.8,0.1,1.2,1.2,0.035,-2.7,-0.3,-2.9,-0.4,,2016,False
164.0,Ramon Sessions,29.0,WAS,PG,82.0,5.0,1667.0,15.9,0.565,0.188,0.478,1.6,12.2,6.8,22.0,1.3,0.2,13.8,21.8,2.5,1.3,3.8,0.109,0.2,-0.5,-0.3,0.7,,2016,False
165.0,J.J. Barea,31.0,DAL,PG,74.0,16.0,1667.0,15.4,0.536,0.366,0.135,1.7,8.3,5.0,31.5,0.8,0.1,13.0,23.8,2.1,0.7,2.8,0.082,1.6,-1.6,0.0,0.9,6MOY-12,2016,False
166.0,Marcus Smart,21.0,BOS,PG,61.0,10.0,1667.0,11.3,0.463,0.456,0.314,4.8,11.6,8.1,15.8,2.7,0.8,11.7,17.4,0.5,2.4,2.9,0.083,-2.2,1.2,-1.0,0.4,,2016,False
167.0,Kyrie Irving,23.0,CLE,PG,53.0,53.0,1667.0,19.9,0.54,0.298,0.217,3.0,7.6,5.3,26.6,1.7,0.9,11.4,29.5,3.2,1.7,5.0,0.143,3.2,-0.8,2.3,1.8,,2016,False
168.0,Wesley Johnson,28.0,LAC,SF,80.0,9.0,1666.0,11.0,0.513,0.6,0.089,2.5,13.6,8.1,4.4,2.7,2.6,9.2,16.0,0.0,2.7,2.6,0.076,-1.7,1.5,-0.2,0.8,,2016,False
169.0,Patty Mills,27.0,SAS,PG,81.0,3.0,1662.0,14.6,0.541,0.523,0.095,1.9,8.7,5.4,20.1,1.8,0.3,10.7,19.7,2.2,2.6,4.8,0.139,0.8,0.7,1.5,1.5,,2016,False
170.0,Michael Carter-Williams,24.0,MIL,PG,54.0,37.0,1649.0,13.9,0.497,0.099,0.292,3.4,15.7,9.6,26.6,2.5,2.1,19.6,21.3,-0.4,1.6,1.2,0.035,-1.4,0.6,-0.7,0.5,,2016,False
171.0,Nikola Mirotić,24.0,CHI,PF,66.0,38.0,1646.0,15.6,0.564,0.568,0.297,3.8,19.1,11.6,9.4,1.8,2.0,12.9,21.1,1.8,2.2,3.9,0.115,1.0,0.4,1.5,1.5,,2016,False
172.0,Randy Foye,32.0,2TM,SG,81.0,8.0,1642.0,7.6,0.461,0.519,0.154,1.6,8.8,5.2,14.1,1.2,1.4,14.3,15.9,-0.4,0.9,0.4,0.012,-2.7,-0.5,-3.3,-0.5,,2016,False
172.0,Randy Foye,32.0,DEN,SG,54.0,7.0,1070.0,7.8,0.457,0.508,0.141,1.6,9.4,5.4,15.6,1.2,1.2,14.1,16.8,-0.5,0.4,0.0,-0.002,-3.0,-0.8,-3.7,-0.5,,2016,False
172.0,Randy Foye,32.0,OKC,SG,27.0,1.0,572.0,7.1,0.469,0.544,0.181,1.6,7.8,4.9,11.3,1.1,1.7,14.8,14.1,0.0,0.4,0.4,0.038,-2.2,-0.1,-2.3,0.0,,2016,False
173.0,Luis Scola,35.0,TOR,PF,76.0,76.0,1636.0,13.6,0.523,0.269,0.14,6.0,19.0,12.6,6.8,1.5,1.4,9.7,19.5,1.4,1.9,3.3,0.098,-0.8,-0.3,-1.1,0.4,,2016,False
174.0,Trevor Booker,28.0,UTA,PF,79.0,2.0,1632.0,14.4,0.533,0.106,0.273,11.9,20.4,16.2,8.2,1.9,2.1,15.7,14.6,1.8,2.6,4.3,0.128,-1.0,1.0,0.0,0.8,,2016,False
175.0,Alonzo Gee,28.0,NOP,SF,73.0,38.0,1632.0,8.4,0.572,0.235,0.259,3.9,13.0,8.3,6.2,1.9,0.7,16.2,9.2,1.0,0.9,1.9,0.056,-3.2,0.6,-2.6,-0.2,,2016,False
176.0,Markieff Morris,26.0,2TM,PF,64.0,45.0,1629.0,12.2,0.489,0.216,0.205,4.8,19.3,11.9,12.7,1.7,1.7,14.7,24.2,-1.2,1.7,0.5,0.015,-2.3,-0.1,-2.4,-0.2,,2016,False
176.0,Markieff Morris,26.0,PHO,PF,37.0,24.0,917.0,10.8,0.456,0.176,0.213,5.0,18.3,11.5,16.1,1.8,1.5,16.0,26.0,-1.3,0.8,-0.5,-0.029,-3.1,-0.5,-3.7,-0.4,,2016,False
176.0,Markieff Morris,26.0,WAS,PF,27.0,21.0,712.0,14.0,0.538,0.275,0.192,4.6,20.5,12.4,8.2,1.7,1.9,12.6,21.9,0.2,0.9,1.1,0.072,-1.3,0.5,-0.9,0.2,,2016,False
177.0,Dennis Schröder,22.0,ATL,PG,80.0,6.0,1621.0,15.5,0.51,0.306,0.233,1.7,11.8,6.9,36.1,2.1,0.4,17.5,28.8,-0.2,2.3,2.2,0.064,-0.3,-0.4,-0.8,0.5,6MOY-9,2016,False
178.0,Tony Allen,34.0,MEM,SG,64.0,57.0,1620.0,12.9,0.505,0.09,0.294,7.0,14.1,10.4,6.9,3.5,1.0,12.8,16.8,0.5,1.9,2.4,0.072,-2.2,1.2,-1.0,0.4,"DPOY-8,DEF2",2016,False
179.0,Tyson Chandler,33.0,PHO,C,66.0,60.0,1618.0,14.7,0.606,0.003,0.545,11.5,27.5,19.3,6.0,1.1,2.2,19.3,12.7,2.1,1.6,3.8,0.112,-0.8,-0.2,-1.1,0.4,,2016,False
180.0,Wayne Ellington,28.0,BRK,SG,76.0,41.0,1615.0,10.1,0.498,0.478,0.112,1.4,10.9,6.1,7.8,1.5,0.3,7.1,17.5,0.5,0.3,0.8,0.025,-1.5,-1.3,-2.8,-0.3,,2016,False
181.0,T.J. McConnell,23.0,PHI,PG,81.0,17.0,1606.0,14.5,0.511,0.192,0.088,2.8,14.5,8.5,37.2,2.9,0.5,22.5,17.0,0.6,1.4,1.9,0.058,-1.5,0.3,-1.2,0.3,,2016,False
182.0,Lavoy Allen,26.0,IND,PF,79.0,28.0,1599.0,12.4,0.532,0.0,0.197,11.1,17.8,14.5,7.1,0.8,2.1,14.6,13.0,1.6,2.1,3.7,0.11,-1.7,0.1,-1.6,0.2,,2016,False
183.0,Jahlil Okafor,20.0,PHI,C,53.0,48.0,1591.0,17.1,0.536,0.008,0.248,8.1,17.8,12.8,8.2,0.7,2.9,12.5,27.3,0.3,0.9,1.2,0.037,-0.5,-1.8,-2.3,-0.1,ROY-5,2016,False
184.0,Gerald Green,30.0,MIA,SG,69.0,14.0,1557.0,10.1,0.491,0.443,0.157,1.9,9.7,5.9,5.6,1.3,0.9,6.8,19.8,0.3,1.4,1.7,0.052,-2.1,-0.9,-3.1,-0.4,,2016,False
185.0,Jonas Valančiūnas,23.0,TOR,C,60.0,59.0,1557.0,22.6,0.61,0.0,0.397,13.8,26.3,20.1,4.8,0.8,4.2,11.9,20.9,4.5,2.4,6.9,0.211,2.1,-0.5,1.7,1.4,,2016,False
186.0,Andre Roberson,24.0,OKC,SG,70.0,70.0,1553.0,10.2,0.566,0.376,0.197,5.9,11.4,8.8,4.0,1.7,2.0,10.5,9.1,1.8,1.6,3.4,0.105,-0.7,1.3,0.5,1.0,,2016,False
187.0,Tim Duncan,39.0,SAS,C,61.0,60.0,1536.0,16.9,0.523,0.005,0.297,8.8,23.8,16.6,15.3,1.6,3.9,15.3,17.6,1.6,3.6,5.2,0.163,-0.1,3.1,3.0,2.0,,2016,False
188.0,Shaun Livingston,30.0,GSW,PG,78.0,3.0,1520.0,13.8,0.581,0.032,0.245,3.2,8.5,6.0,21.0,1.8,1.3,15.7,14.2,2.9,1.7,4.6,0.145,-0.7,1.1,0.3,0.9,6MOY-11,2016,False
189.0,Darrell Arthur,27.0,DEN,PF,70.0,16.0,1516.0,12.5,0.514,0.239,0.108,6.2,15.4,10.7,10.0,1.8,2.6,11.4,16.7,1.0,1.3,2.3,0.072,-1.3,0.5,-0.8,0.4,,2016,False
190.0,Jordan Hill,28.0,IND,C,73.0,11.0,1513.0,16.4,0.534,0.002,0.228,11.3,21.2,16.3,9.5,1.2,2.0,13.2,20.3,1.6,2.3,3.9,0.124,-0.7,0.0,-0.7,0.5,,2016,False
191.0,Jerryd Bayless,27.0,MIL,SG,52.0,18.0,1505.0,12.4,0.568,0.529,0.206,1.6,9.0,5.4,16.2,1.6,0.6,13.3,16.4,1.8,0.6,2.4,0.075,0.2,-1.0,-0.8,0.4,,2016,False
192.0,Raul Neto,23.0,UTA,PG,81.0,53.0,1499.0,10.2,0.53,0.388,0.167,1.3,8.0,4.7,18.7,2.2,0.1,19.5,17.2,0.2,1.6,1.8,0.058,-2.3,0.3,-2.0,0.0,,2016,False
193.0,Kosta Koufos,26.0,SAC,C,78.0,14.0,1482.0,15.1,0.54,0.0,0.234,12.4,18.4,15.4,3.3,1.3,3.8,8.9,15.4,2.1,1.4,3.5,0.113,-1.3,-0.6,-2.0,0.0,,2016,False
194.0,Eric Gordon,27.0,NOP,SG,45.0,44.0,1481.0,13.5,0.565,0.533,0.226,0.7,6.9,3.7,12.7,1.4,0.8,10.7,20.3,1.7,0.4,2.1,0.069,0.9,-1.0,-0.1,0.7,,2016,False
195.0,Clint Capela,21.0,HOU,C,77.0,35.0,1471.0,18.3,0.553,0.003,0.531,14.4,22.7,18.5,5.1,2.0,5.2,10.9,16.1,2.4,2.0,4.4,0.144,-0.3,-0.1,-0.4,0.6,,2016,False
196.0,Austin Rivers,23.0,LAC,SG,67.0,7.0,1464.0,11.1,0.523,0.359,0.225,1.7,7.9,4.8,10.6,1.6,0.5,9.7,19.4,0.6,1.3,1.9,0.063,-2.2,-0.5,-2.7,-0.2,,2016,False
197.0,C.J. Miles,28.0,IND,SF,64.0,24.0,1464.0,14.0,0.547,0.61,0.196,1.9,11.1,6.5,7.0,1.8,1.6,9.2,22.8,1.2,1.9,3.1,0.103,0.6,-0.1,0.5,0.9,,2016,False
198.0,Tayshaun Prince,35.0,MIN,SF,77.0,44.0,1462.0,6.3,0.466,0.1,0.083,2.6,9.0,5.8,7.0,1.2,0.7,10.2,8.1,0.1,0.3,0.4,0.014,-2.9,-0.1,-3.0,-0.4,,2016,False
199.0,Maurice Harkless,22.0,POR,SF,78.0,14.0,1457.0,13.3,0.541,0.341,0.27,7.5,13.3,10.4,6.9,1.7,1.9,11.9,15.6,1.6,1.3,2.9,0.096,-0.5,0.0,-0.5,0.5,,2016,False
200.0,Andrew Bogut,31.0,GSW,C,70.0,66.0,1451.0,15.9,0.623,0.004,0.179,9.5,26.0,18.3,14.8,1.1,5.8,21.6,11.4,2.6,2.9,5.4,0.18,-0.9,3.2,2.4,1.6,,2016,False
201.0,JaMychal Green,25.0,MEM,PF,78.0,15.0,1446.0,14.6,0.52,0.091,0.277,10.5,19.3,14.7,7.7,1.6,2.1,13.0,19.8,1.2,1.4,2.6,0.086,-1.5,-1.0,-2.5,-0.2,,2016,False
202.0,Ben McLemore,22.0,SAC,SG,68.0,53.0,1443.0,8.6,0.531,0.407,0.226,2.6,8.5,5.6,7.9,1.7,0.6,16.5,17.6,-0.4,0.7,0.3,0.01,-3.1,-0.7,-3.8,-0.7,,2016,False
203.0,Derrick Williams,24.0,NYK,SF,80.0,9.0,1435.0,17.2,0.55,0.265,0.453,3.6,18.7,11.3,8.9,1.0,0.5,8.3,23.3,2.4,1.2,3.6,0.12,1.5,-1.2,0.3,0.8,,2016,False
204.0,Gerald Henderson,28.0,POR,SG,72.0,0.0,1431.0,12.9,0.526,0.257,0.276,2.3,13.7,8.0,8.2,1.4,1.0,10.3,20.2,1.0,1.0,2.0,0.068,-1.1,-0.7,-1.8,0.1,,2016,False
205.0,Mario Hezonja,20.0,ORL,SF,79.0,9.0,1413.0,9.4,0.541,0.459,0.129,2.2,11.8,6.9,11.2,1.4,1.0,18.0,16.9,-0.1,1.0,0.9,0.029,-2.4,-0.7,-3.1,-0.4,,2016,False
206.0,Willie Cauley-Stein,22.0,SAC,C,66.0,39.0,1412.0,15.3,0.588,0.006,0.369,10.3,16.6,13.5,3.8,1.6,3.8,10.5,13.2,2.4,1.4,3.8,0.13,-0.8,0.1,-0.8,0.4,,2016,False
207.0,Ty Lawson,28.0,2TM,PG,66.0,13.0,1411.0,9.7,0.476,0.305,0.243,2.0,7.4,4.7,24.6,1.9,0.4,19.5,14.9,0.2,0.7,0.9,0.032,-2.4,-1.2,-3.6,-0.6,,2016,False
207.0,Ty Lawson,28.0,HOU,PG,53.0,12.0,1176.0,8.9,0.48,0.328,0.279,1.9,6.5,4.2,22.3,1.8,0.4,20.3,14.8,0.0,0.4,0.4,0.017,-2.6,-1.5,-4.1,-0.6,,2016,False
207.0,Ty Lawson,28.0,IND,PG,13.0,1.0,235.0,13.7,0.46,0.209,0.09,2.8,11.6,7.2,36.1,2.1,0.3,15.7,15.5,0.2,0.3,0.5,0.103,-1.3,0.2,-1.2,0.0,,2016,False
208.0,David West,35.0,SAS,PF,78.0,19.0,1404.0,17.6,0.573,0.016,0.179,6.0,18.6,12.5,15.4,1.6,3.0,12.3,18.0,2.4,2.9,5.4,0.184,0.3,2.6,2.9,1.7,,2016,False
209.0,Kelly Olynyk,24.0,BOS,C,69.0,8.0,1395.0,16.3,0.561,0.378,0.23,5.4,16.2,10.7,11.9,1.8,1.8,10.8,20.9,2.1,2.0,4.1,0.141,1.2,0.8,1.9,1.4,,2016,False
210.0,Boris Diaw,33.0,SAS,PF,76.0,4.0,1386.0,14.0,0.582,0.18,0.198,4.9,13.9,9.6,18.4,1.0,1.2,18.9,17.0,1.6,2.2,3.8,0.132,-0.1,0.9,0.8,1.0,6MOY-12,2016,False
211.0,Trey Lyles,20.0,UTA,PF,80.0,33.0,1382.0,11.6,0.517,0.294,0.188,5.0,20.2,12.6,7.1,1.0,1.1,12.1,17.9,0.6,1.7,2.3,0.079,-1.6,-0.2,-1.8,0.1,,2016,False
212.0,Mario Chalmers,29.0,2TM,PG,61.0,7.0,1373.0,17.3,0.561,0.336,0.59,1.9,11.5,6.5,26.6,3.3,0.9,16.4,21.9,2.3,1.5,3.8,0.132,0.0,1.3,1.3,1.2,,2016,False
212.0,Mario Chalmers,29.0,MIA,PG,6.0,0.0,120.0,9.5,0.437,0.344,0.406,1.0,11.9,6.6,22.3,3.4,0.6,19.3,17.8,-0.1,0.2,0.1,0.038,-5.3,3.2,-2.0,0.0,,2016,False
212.0,Mario Chalmers,29.0,MEM,PG,55.0,7.0,1253.0,18.0,0.57,0.335,0.604,2.0,11.4,6.5,27.0,3.3,0.9,16.2,22.3,2.4,1.3,3.7,0.141,0.6,1.1,1.7,1.2,,2016,False
213.0,Lance Stephenson,25.0,2TM,SF,69.0,13.0,1372.0,13.5,0.548,0.165,0.234,3.2,15.1,9.1,16.2,1.6,0.6,15.2,20.2,0.9,1.3,2.2,0.076,-0.9,-0.3,-1.2,0.3,,2016,False
213.0,Lance Stephenson,25.0,LAC,SF,43.0,10.0,680.0,9.8,0.569,0.283,0.181,3.1,14.0,8.7,13.1,1.8,0.3,21.1,15.1,0.1,0.8,0.9,0.066,-2.7,0.7,-1.9,0.0,,2016,False
213.0,Lance Stephenson,25.0,MEM,SF,26.0,3.0,692.0,17.1,0.537,0.101,0.263,3.3,16.2,9.5,19.2,1.4,0.8,11.8,25.3,0.8,0.5,1.2,0.086,0.8,-1.3,-0.5,0.3,,2016,False
214.0,Myles Turner,19.0,IND,C,60.0,30.0,1367.0,15.4,0.531,0.026,0.228,5.5,21.0,13.3,5.0,0.9,5.1,10.3,20.9,0.8,2.3,3.1,0.109,-2.2,0.6,-1.6,0.1,ROY-8,2016,False
215.0,Trey Burke,23.0,UTA,PG,64.0,0.0,1366.0,14.0,0.507,0.404,0.129,1.5,8.0,4.8,19.7,1.4,0.4,10.7,25.3,0.9,1.2,2.1,0.074,0.7,-1.2,-0.5,0.5,,2016,False
216.0,Brandon Bass,30.0,LAL,PF,66.0,0.0,1342.0,17.3,0.619,0.006,0.467,8.1,15.0,11.4,9.2,1.2,3.2,9.9,13.9,3.4,0.7,4.1,0.146,0.6,0.0,0.6,0.9,,2016,False
217.0,Anthony Tolliver,30.0,DET,PF,72.0,5.0,1341.0,10.2,0.543,0.819,0.142,3.1,16.1,9.3,5.6,1.0,0.9,7.4,12.4,1.5,1.3,2.8,0.1,-0.1,0.5,0.4,0.8,,2016,False
218.0,Meyers Leonard,23.0,POR,PF,61.0,10.0,1333.0,11.3,0.561,0.524,0.106,4.1,21.4,12.8,10.6,0.3,1.1,14.5,17.4,1.2,1.0,2.2,0.078,-1.1,-0.6,-1.7,0.1,,2016,False
219.0,Timofey Mozgov,29.0,CLE,C,76.0,48.0,1326.0,14.6,0.593,0.019,0.265,9.5,19.2,14.4,3.9,0.9,3.5,15.0,16.1,1.8,1.9,3.7,0.133,-1.7,0.3,-1.4,0.2,,2016,False
220.0,Richard Jefferson,35.0,CLE,SF,74.0,5.0,1326.0,9.7,0.585,0.554,0.279,1.3,9.6,5.5,6.4,1.3,0.9,10.9,13.4,1.4,1.3,2.7,0.099,-1.6,0.5,-1.2,0.3,,2016,False
221.0,Donald Sloan,28.0,BRK,PG,61.0,33.0,1318.0,13.9,0.536,0.283,0.297,1.4,13.5,7.4,30.0,1.2,0.2,16.8,16.1,1.7,0.3,2.0,0.071,-0.3,-1.4,-1.7,0.1,,2016,False
222.0,Iman Shumpert,25.0,CLE,SG,54.0,5.0,1316.0,8.4,0.475,0.479,0.167,2.8,14.6,8.7,9.8,2.1,1.2,14.8,13.2,-0.1,1.8,1.7,0.063,-3.0,1.4,-1.5,0.1,,2016,False
223.0,Lance Thomas,27.0,NYK,PF,59.0,5.0,1313.0,10.4,0.557,0.285,0.312,2.9,8.0,5.4,6.4,0.9,0.4,11.6,16.9,1.2,0.5,1.7,0.062,-1.7,-1.5,-3.2,-0.4,,2016,False
224.0,P.J. Hairston,23.0,2TM,SF,66.0,52.0,1313.0,6.9,0.47,0.591,0.157,2.1,12.8,7.3,4.4,1.2,0.7,8.6,16.4,-0.6,1.1,0.6,0.02,-3.8,-0.7,-4.5,-0.8,,2016,False
224.0,P.J. Hairston,23.0,CHO,SF,48.0,43.0,938.0,7.4,0.486,0.623,0.152,2.1,13.0,7.5,4.7,1.3,0.6,7.5,15.3,-0.1,1.0,0.9,0.044,-3.5,0.0,-3.5,-0.4,,2016,False
224.0,P.J. Hairston,23.0,MEM,SF,18.0,9.0,375.0,5.7,0.438,0.523,0.167,2.0,12.4,7.0,3.8,1.1,1.0,10.7,19.0,-0.5,0.2,-0.3,-0.039,-4.5,-2.5,-7.0,-0.5,,2016,False
225.0,Tony Snell,24.0,CHI,SF,64.0,33.0,1301.0,6.4,0.478,0.457,0.097,1.6,14.3,8.1,6.9,0.6,1.0,12.8,13.7,-0.5,1.0,0.4,0.016,-3.5,-0.5,-4.0,-0.6,,2016,False
226.0,Devin Harris,32.0,DAL,PG,64.0,0.0,1280.0,13.1,0.559,0.422,0.374,1.5,10.3,5.9,14.5,2.4,0.8,13.2,17.9,1.2,1.3,2.5,0.095,-1.4,1.5,0.1,0.7,,2016,False
227.0,Rodney Stuckey,29.0,IND,PG,58.0,1.0,1275.0,12.6,0.504,0.187,0.357,1.6,11.7,6.7,17.2,1.7,0.5,12.9,20.3,0.5,1.5,2.0,0.077,-1.8,0.4,-1.4,0.2,,2016,False
228.0,Luc Mbah a Moute,29.0,LAC,PF,75.0,61.0,1274.0,7.3,0.498,0.193,0.275,5.2,9.4,7.3,3.3,1.7,1.2,12.8,9.4,0.2,1.3,1.6,0.059,-3.2,0.6,-2.6,-0.2,,2016,False
229.0,Larry Nance Jr.,23.0,LAL,PF,63.0,22.0,1266.0,13.4,0.544,0.033,0.157,8.3,18.6,13.3,5.7,2.1,1.4,11.3,12.6,1.3,0.9,2.2,0.083,-1.7,0.2,-1.5,0.2,,2016,False
230.0,Jerian Grant,23.0,NYK,PG,76.0,6.0,1265.0,11.2,0.479,0.256,0.315,2.0,10.2,6.2,21.8,2.0,0.6,16.3,19.0,-0.2,1.0,0.8,0.03,-2.8,-0.3,-3.1,-0.3,,2016,False
231.0,E'Twaun Moore,26.0,CHI,SG,59.0,22.0,1263.0,11.4,0.548,0.267,0.09,1.6,9.3,5.5,12.1,1.5,1.0,11.6,15.9,0.9,1.0,1.8,0.07,-1.9,0.0,-1.9,0.0,,2016,False
232.0,Toney Douglas,29.0,NOP,PG,61.0,18.0,1262.0,14.7,0.543,0.456,0.222,2.1,10.7,6.3,19.1,2.8,0.3,11.6,19.4,1.6,0.9,2.5,0.094,-0.4,0.4,0.0,0.6,,2016,False
233.0,Jason Terry,38.0,HOU,SG,72.0,7.0,1258.0,10.2,0.54,0.694,0.088,1.2,5.7,3.5,12.4,1.8,0.6,11.1,15.0,1.1,0.4,1.5,0.057,-0.7,-0.9,-1.6,0.1,,2016,False
234.0,Jon Leuer,26.0,PHO,PF,67.0,27.0,1255.0,16.2,0.555,0.236,0.217,6.4,26.3,16.1,9.6,1.5,2.0,12.8,19.8,1.4,1.3,2.7,0.103,0.1,0.0,0.0,0.6,,2016,False
235.0,Kyle Anderson,22.0,SAS,SF,78.0,11.0,1245.0,12.9,0.528,0.125,0.281,2.4,19.4,11.2,13.7,2.5,1.8,15.1,14.4,0.7,2.8,3.5,0.133,-1.7,3.1,1.4,1.1,,2016,False
236.0,Joe Ingles,28.0,UTA,SF,81.0,2.0,1241.0,10.3,0.572,0.722,0.062,1.8,12.4,7.1,12.1,2.3,0.3,17.9,13.5,0.7,1.6,2.3,0.089,-1.4,1.6,0.2,0.7,,2016,False
237.0,Aron Baynes,29.0,DET,C,81.0,1.0,1233.0,17.8,0.563,0.005,0.43,11.9,22.5,17.0,6.6,0.9,3.2,12.8,18.5,2.4,1.7,4.1,0.158,-0.5,0.3,-0.2,0.6,,2016,False
238.0,Paul Pierce,38.0,LAC,SF,68.0,38.0,1231.0,8.2,0.489,0.61,0.166,1.1,15.2,8.2,8.5,1.3,1.1,12.0,17.8,-0.6,1.4,0.9,0.033,-3.0,-0.3,-3.3,-0.4,,2016,False
239.0,Jeremy Lamb,23.0,CHO,SG,66.0,0.0,1227.0,15.9,0.529,0.355,0.173,3.9,18.7,11.2,10.9,1.7,2.0,8.4,22.0,1.0,1.7,2.7,0.107,0.1,0.7,0.8,0.9,,2016,False
240.0,Ronnie Price,32.0,PHO,PG,62.0,18.0,1211.0,9.6,0.517,0.649,0.136,2.2,6.8,4.4,17.9,3.0,0.9,17.9,13.7,0.4,1.0,1.4,0.056,-3.2,1.4,-1.8,0.1,,2016,False
241.0,Channing Frye,32.0,2TM,C,70.0,32.0,1200.0,12.9,0.586,0.677,0.101,3.2,18.6,10.9,8.7,1.2,1.9,10.6,15.1,1.6,1.3,3.0,0.119,0.3,0.5,0.8,0.8,,2016,False
241.0,Channing Frye,32.0,ORL,PF,44.0,29.0,754.0,11.8,0.586,0.651,0.113,3.3,17.6,10.4,8.4,1.4,2.2,13.3,13.2,0.8,0.8,1.5,0.097,-0.2,0.9,0.7,0.5,,2016,False
241.0,Channing Frye,32.0,CLE,C,26.0,3.0,446.0,14.9,0.586,0.708,0.087,3.1,20.4,11.8,9.1,0.9,1.5,7.2,18.3,0.9,0.6,1.5,0.157,1.3,-0.2,1.0,0.3,,2016,False
242.0,Norris Cole,27.0,NOP,PG,45.0,23.0,1198.0,10.8,0.465,0.211,0.134,0.9,13.5,7.0,22.0,1.5,0.3,12.8,21.7,-0.6,0.5,-0.1,-0.004,-2.9,-0.9,-3.8,-0.5,,2016,False
243.0,Jason Smith,29.0,ORL,C,76.0,2.0,1181.0,14.6,0.513,0.032,0.133,4.9,15.8,10.3,8.6,1.4,4.6,9.7,22.1,0.4,1.4,1.8,0.072,-2.5,0.3,-2.2,-0.1,,2016,False
244.0,Ömer Aşık,29.0,NOP,C,68.0,64.0,1178.0,11.0,0.551,0.0,0.574,10.9,28.7,19.5,3.1,0.9,1.6,19.7,11.4,0.7,1.0,1.7,0.07,-2.8,-1.0,-3.8,-0.5,,2016,False
245.0,D.J. Augustin,28.0,2TM,PG,62.0,0.0,1178.0,13.9,0.575,0.48,0.366,0.8,8.0,4.4,25.3,1.6,0.3,17.1,18.0,2.0,0.6,2.6,0.106,0.6,-1.1,-0.4,0.4,,2016,False
245.0,D.J. Augustin,28.0,OKC,PG,34.0,0.0,519.0,8.7,0.522,0.504,0.281,1.1,7.6,4.5,16.7,1.2,0.3,18.1,13.6,0.4,0.3,0.7,0.065,-1.9,-0.4,-2.4,-0.1,,2016,False
245.0,D.J. Augustin,28.0,DEN,PG,28.0,0.0,659.0,18.0,0.601,0.467,0.41,0.5,8.4,4.4,32.0,1.9,0.2,16.6,21.5,1.6,0.3,1.9,0.139,2.7,-1.6,1.1,0.5,,2016,False
246.0,Jonas Jerebko,28.0,BOS,PF,78.0,0.0,1176.0,10.3,0.531,0.378,0.273,6.8,19.4,13.0,7.4,0.8,1.6,14.0,13.5,0.9,1.5,2.4,0.097,-2.0,0.0,-2.0,0.0,,2016,False
247.0,Noah Vonleh,20.0,POR,PF,78.0,56.0,1174.0,8.6,0.471,0.165,0.183,8.4,19.8,14.1,3.7,1.2,1.7,14.3,13.0,0.0,1.1,1.2,0.047,-3.9,-0.3,-4.2,-0.6,,2016,False
248.0,Blake Griffin,26.0,LAC,PF,35.0,35.0,1170.0,22.1,0.544,0.03,0.322,4.8,22.3,13.7,27.2,1.2,1.1,10.8,29.8,2.2,1.6,3.8,0.156,3.4,1.1,4.5,1.9,,2016,False
249.0,JaKarr Sampson,22.0,2TM,SF,73.0,40.0,1160.0,8.3,0.504,0.199,0.385,4.2,14.0,9.0,6.2,1.0,2.2,15.9,16.6,-0.5,0.6,0.1,0.006,-4.5,-1.0,-5.4,-1.0,,2016,False
249.0,JaKarr Sampson,22.0,PHI,SF,47.0,18.0,691.0,7.7,0.49,0.168,0.48,4.6,16.1,10.2,6.9,0.8,1.8,17.2,18.7,-0.6,0.3,-0.3,-0.021,-5.4,-1.3,-6.7,-0.8,,2016,False
249.0,JaKarr Sampson,22.0,DEN,SF,26.0,22.0,469.0,9.3,0.532,0.252,0.217,3.7,10.8,7.2,5.1,1.3,3.0,13.1,13.5,0.1,0.3,0.4,0.045,-3.2,-0.4,-3.6,-0.2,,2016,False
250.0,Mike Scott,27.0,ATL,PF,75.0,0.0,1146.0,14.0,0.575,0.42,0.168,5.2,14.2,9.8,10.5,1.1,1.2,9.4,17.4,1.7,1.5,3.2,0.132,-0.1,0.0,-0.1,0.6,,2016,False
251.0,Manu Ginóbili,38.0,SAS,SG,58.0,0.0,1134.0,17.8,0.573,0.411,0.257,2.7,11.7,7.3,23.6,3.0,0.8,17.0,23.6,1.5,2.3,3.8,0.16,1.4,2.2,3.6,1.6,,2016,False
252.0,Archie Goodwin,21.0,PHO,PG,57.0,13.0,1114.0,11.1,0.498,0.235,0.457,2.6,11.5,6.9,17.2,1.2,1.0,16.5,23.2,-0.4,0.5,0.1,0.004,-2.1,-1.5,-3.7,-0.5,,2016,False
253.0,Marcus Thornton,28.0,2TM,SG,61.0,8.0,1109.0,14.7,0.511,0.498,0.146,3.8,11.3,7.5,12.9,2.1,0.3,8.1,24.4,1.0,0.7,1.7,0.074,0.9,-1.4,-0.5,0.4,,2016,False
253.0,Marcus Thornton,28.0,HOU,SG,47.0,6.0,885.0,14.6,0.512,0.497,0.133,3.8,10.5,7.2,12.8,1.9,0.3,8.0,24.3,0.9,0.4,1.3,0.072,1.1,-1.9,-0.8,0.2,,2016,False
253.0,Marcus Thornton,28.0,WAS,SG,14.0,2.0,224.0,15.5,0.508,0.505,0.196,3.4,14.3,8.7,13.4,2.8,0.4,8.6,24.8,0.1,0.3,0.4,0.08,0.4,0.4,0.8,0.2,,2016,False
254.0,Aaron Brooks,31.0,CHI,PG,69.0,0.0,1108.0,11.8,0.494,0.394,0.136,2.0,7.5,4.8,26.0,1.4,0.7,14.2,22.9,0.2,0.7,0.9,0.04,-1.3,-1.3,-2.6,-0.2,,2016,False
255.0,Josh Richardson,22.0,MIA,SG,52.0,2.0,1107.0,11.4,0.569,0.423,0.232,2.2,8.5,5.5,9.7,1.7,1.7,10.5,13.8,1.3,1.2,2.5,0.109,-1.1,0.7,-0.4,0.5,,2016,False
256.0,Bobby Portis,20.0,CHI,PF,62.0,4.0,1102.0,13.8,0.469,0.119,0.151,12.0,20.0,16.1,7.5,1.1,1.5,10.4,20.7,0.3,1.3,1.5,0.066,-1.5,-1.8,-3.3,-0.4,,2016,False
257.0,Al Jefferson,31.0,CHO,C,47.0,18.0,1096.0,18.2,0.507,0.0,0.22,5.6,24.6,15.0,11.8,1.4,3.0,5.8,24.2,1.0,1.8,2.8,0.122,-0.9,0.4,-0.5,0.4,,2016,False
258.0,Kevin Martin,32.0,2TM,SG,55.0,13.0,1095.0,11.5,0.52,0.325,0.411,1.5,10.0,5.8,8.2,1.2,0.2,9.8,22.6,0.7,0.5,1.2,0.054,-1.6,-1.6,-3.2,-0.4,,2016,False
258.0,Kevin Martin,32.0,MIN,SG,39.0,12.0,834.0,11.9,0.523,0.308,0.425,1.4,9.8,5.6,8.8,1.0,0.1,9.4,23.5,0.7,0.1,0.8,0.045,-1.2,-2.0,-3.2,-0.3,,2016,False
258.0,Kevin Martin,32.0,SAS,SG,16.0,1.0,261.0,10.1,0.504,0.388,0.353,1.8,10.6,6.3,6.4,1.8,0.6,11.7,19.5,0.0,0.4,0.4,0.082,-3.1,-0.4,-3.4,-0.1,,2016,False
259.0,Nenê,33.0,WAS,PF,57.0,11.0,1094.0,16.8,0.564,0.008,0.482,5.2,21.6,13.2,14.1,2.4,1.9,14.0,21.6,1.1,1.6,2.7,0.12,-1.3,1.6,0.4,0.6,,2016,False
260.0,O.J. Mayo,28.0,MIL,SG,41.0,24.0,1090.0,7.7,0.474,0.505,0.125,1.4,9.6,5.5,15.8,2.2,0.6,17.5,17.0,-0.7,0.6,-0.1,-0.005,-3.8,-0.2,-4.0,-0.6,,2016,False
261.0,Leandro Barbosa,33.0,GSW,SG,68.0,0.0,1079.0,11.7,0.545,0.297,0.168,3.0,8.4,5.8,10.6,2.0,0.7,11.8,18.1,0.9,1.2,2.1,0.092,-1.9,-0.1,-2.0,0.0,,2016,False
262.0,Nemanja Bjelica,27.0,MIN,PF,60.0,0.0,1075.0,11.2,0.594,0.532,0.234,5.4,17.2,11.4,11.4,1.2,1.6,15.3,12.8,1.4,0.6,1.9,0.087,-0.9,0.2,-0.7,0.3,,2016,False
263.0,T.J. Warren,22.0,PHO,SF,47.0,4.0,1070.0,15.7,0.549,0.159,0.145,5.7,9.3,7.5,7.2,1.7,1.2,6.4,19.9,1.7,0.6,2.2,0.101,0.5,-0.9,-0.5,0.4,,2016,False
264.0,Eric Bledsoe,26.0,PHO,PG,31.0,31.0,1059.0,20.0,0.557,0.262,0.35,1.8,11.2,6.4,31.8,2.9,1.5,16.2,27.2,1.6,1.0,2.5,0.116,2.5,0.8,3.3,1.4,,2016,False
265.0,Shelvin Mack,25.0,2TM,PG,52.0,27.0,1058.0,13.6,0.507,0.301,0.147,1.4,12.5,7.0,30.6,1.7,0.2,17.7,23.3,0.2,1.2,1.3,0.061,-1.2,-0.4,-1.6,0.1,,2016,False
265.0,Shelvin Mack,25.0,ATL,PG,24.0,0.0,179.0,15.4,0.464,0.284,0.126,1.2,11.9,6.7,36.9,2.2,0.0,12.3,28.5,-0.1,0.3,0.2,0.045,-1.9,-1.0,-2.9,0.0,,2016,False
265.0,Shelvin Mack,25.0,UTA,PG,28.0,27.0,879.0,13.2,0.52,0.306,0.153,1.5,12.6,7.0,29.3,1.6,0.3,19.2,22.2,0.2,0.9,1.2,0.064,-1.0,-0.3,-1.3,0.2,,2016,False
266.0,Brandon Rush,30.0,GSW,SG,72.0,25.0,1055.0,10.1,0.56,0.604,0.108,2.3,15.4,9.2,7.0,0.9,1.6,10.8,12.5,0.8,1.2,2.0,0.09,-0.6,-0.2,-0.8,0.3,,2016,False
267.0,Terrence Jones,24.0,HOU,PF,50.0,11.0,1044.0,13.5,0.519,0.215,0.316,6.5,15.9,11.1,6.3,1.1,3.1,10.5,19.3,0.8,0.7,1.5,0.068,-0.9,-1.2,-2.1,0.0,,2016,False
268.0,Joffrey Lauvergne,24.0,DEN,C,59.0,15.0,1041.0,15.7,0.567,0.139,0.182,8.1,23.1,15.4,9.1,0.6,1.2,11.6,19.5,1.6,0.7,2.3,0.105,-0.3,-1.3,-1.6,0.1,,2016,False
269.0,Jameer Nelson,33.0,DEN,PG,39.0,15.0,1036.0,9.5,0.464,0.469,0.114,2.0,10.4,6.2,27.3,1.2,0.4,17.0,16.4,0.1,0.4,0.5,0.024,-2.2,-0.8,-3.0,-0.3,,2016,False
270.0,Spencer Hawes,27.0,CHO,PF,57.0,6.0,1035.0,12.4,0.508,0.333,0.212,5.3,20.6,12.9,16.3,1.1,2.1,14.8,17.1,0.6,1.4,1.9,0.09,-1.6,1.0,-0.6,0.3,,2016,False
271.0,Nick Young,30.0,LAL,SG,54.0,2.0,1033.0,9.1,0.483,0.637,0.204,1.4,9.0,5.1,5.4,1.1,0.5,6.9,18.5,0.1,0.0,0.1,0.003,-1.6,-2.1,-3.7,-0.5,,2016,False
272.0,Jarrett Jack,32.0,BRK,PG,32.0,32.0,1027.0,14.5,0.505,0.285,0.313,1.0,14.1,7.4,35.0,1.7,0.6,18.8,21.7,0.5,0.4,0.9,0.043,0.0,-0.7,-0.7,0.3,,2016,False
273.0,Vince Carter,39.0,MEM,SG,60.0,3.0,1005.0,12.7,0.52,0.493,0.245,3.4,13.6,8.3,8.9,1.9,1.5,8.4,18.5,1.0,0.8,1.8,0.084,-0.4,-0.6,-1.0,0.3,,2016,False
274.0,Rashad Vaughn,19.0,MIL,SG,70.0,6.0,1001.0,4.2,0.398,0.553,0.056,1.3,8.7,5.0,5.5,1.5,1.4,9.3,13.5,-1.2,0.4,-0.8,-0.036,-4.4,-1.3,-5.7,-0.9,,2016,False
275.0,Dwight Powell,24.0,DAL,PF,69.0,2.0,992.0,16.8,0.557,0.054,0.48,9.3,20.9,15.1,7.2,1.8,2.0,10.0,18.4,1.8,1.3,3.1,0.151,-0.6,0.7,0.1,0.5,,2016,False
276.0,Steve Blake,35.0,DET,PG,58.0,2.0,986.0,9.8,0.51,0.629,0.083,1.0,9.2,4.9,29.5,1.2,0.4,24.6,14.6,0.3,0.8,1.1,0.053,-1.7,-0.7,-2.4,-0.1,,2016,False
277.0,Markel Brown,24.0,BRK,SG,62.0,6.0,982.0,11.3,0.5,0.376,0.292,2.6,11.5,7.0,13.9,2.0,1.2,12.9,18.9,0.2,0.4,0.6,0.031,-2.1,-0.8,-3.0,-0.3,,2016,False
278.0,Kyle Singler,27.0,OKC,SF,68.0,2.0,977.0,6.6,0.481,0.439,0.199,5.9,9.6,7.9,3.2,1.5,0.7,11.7,11.9,0.3,0.8,1.1,0.054,-3.1,-0.1,-3.2,-0.3,,2016,False
279.0,John Henson,25.0,MIL,C,57.0,1.0,960.0,18.6,0.58,0.003,0.402,10.4,15.8,13.2,9.0,1.0,9.7,15.7,19.1,1.2,1.1,2.3,0.117,-1.2,1.3,0.2,0.5,,2016,False
280.0,Chase Budinger,27.0,2TM,SF,66.0,2.0,929.0,10.7,0.514,0.36,0.234,5.0,12.6,8.8,10.2,1.7,0.9,14.3,14.5,0.4,1.0,1.4,0.073,-1.8,0.5,-1.3,0.2,,2016,False
280.0,Chase Budinger,27.0,IND,SF,49.0,2.0,729.0,11.1,0.502,0.356,0.247,4.7,13.4,9.1,9.9,2.0,1.0,12.6,14.9,0.3,1.0,1.3,0.084,-1.7,0.9,-0.7,0.2,,2016,False
280.0,Chase Budinger,27.0,PHO,SF,17.0,0.0,200.0,9.2,0.567,0.378,0.178,6.4,9.4,7.9,11.4,0.7,0.4,21.1,13.1,0.1,0.0,0.1,0.034,-2.2,-1.1,-3.4,-0.1,,2016,False
281.0,Anthony Morrow,30.0,OKC,SG,68.0,6.0,926.0,10.7,0.543,0.613,0.117,1.2,5.8,3.6,3.7,1.2,0.4,4.6,16.9,1.4,0.5,1.9,0.097,-0.1,-1.0,-1.1,0.2,,2016,False
282.0,James Johnson,28.0,TOR,PF,57.0,32.0,926.0,11.4,0.532,0.275,0.283,3.5,11.9,7.8,11.4,1.6,2.9,16.7,15.9,0.3,1.0,1.3,0.068,-1.5,0.5,-1.0,0.2,,2016,False
283.0,Thomas Robinson,24.0,BRK,PF,71.0,7.0,917.0,14.5,0.453,0.003,0.375,16.4,27.8,22.0,7.7,2.1,3.2,16.9,19.8,-0.5,1.1,0.6,0.033,-2.7,-1.1,-3.8,-0.4,,2016,False
284.0,Sasha Vujačić,31.0,NYK,SG,61.0,25.0,908.0,11.1,0.503,0.516,0.141,3.2,14.6,9.0,14.3,1.9,0.4,13.0,16.8,0.3,0.8,1.1,0.06,-1.5,0.3,-1.2,0.2,,2016,False
285.0,David Lee,32.0,2TM,PF,55.0,5.0,903.0,19.6,0.568,0.003,0.278,12.0,24.6,18.3,15.5,1.2,2.5,14.9,21.5,1.7,1.4,3.0,0.161,0.7,0.6,1.3,0.7,,2016,False
285.0,David Lee,32.0,BOS,PF,30.0,4.0,470.0,15.5,0.499,0.005,0.266,9.1,20.4,14.7,18.3,1.2,2.2,15.1,22.9,0.2,0.7,0.9,0.092,-0.7,0.7,0.0,0.2,,2016,False
285.0,David Lee,32.0,DAL,PF,25.0,1.0,433.0,24.0,0.66,0.0,0.294,15.2,29.1,22.2,12.5,1.2,2.9,14.8,20.0,1.5,0.7,2.1,0.237,2.3,0.6,2.8,0.5,,2016,False
286.0,Josh Smith,30.0,2TM,PF,55.0,7.0,880.0,10.6,0.439,0.41,0.192,6.4,17.4,11.9,15.9,1.9,4.3,16.9,22.9,-1.2,1.2,0.0,0.0,-3.5,0.4,-3.1,-0.2,,2016,False
286.0,Josh Smith,30.0,LAC,PF,32.0,1.0,459.0,13.2,0.456,0.322,0.233,8.0,21.5,14.8,14.3,2.0,5.8,17.1,23.6,-0.6,0.9,0.3,0.036,-2.8,2.3,-0.5,0.2,,2016,False
286.0,Josh Smith,30.0,HOU,PF,23.0,6.0,421.0,7.7,0.419,0.503,0.148,4.7,12.9,8.8,17.7,1.9,2.6,16.7,22.1,-0.7,0.3,-0.4,-0.04,-4.3,-1.6,-5.9,-0.4,,2016,False
287.0,Quincy Acy,25.0,SAC,PF,59.0,29.0,876.0,14.7,0.629,0.229,0.318,8.1,15.1,11.6,4.4,1.6,2.2,10.0,13.1,1.8,0.7,2.5,0.137,-0.2,0.2,-0.1,0.4,,2016,False
288.0,Miles Plumlee,27.0,MIL,C,61.0,14.0,870.0,17.4,0.606,0.0,0.253,12.5,18.0,15.2,2.9,1.2,4.9,13.4,15.5,1.4,0.8,2.2,0.124,-0.2,-1.3,-1.5,0.1,,2016,False
289.0,Marcelo Huertas,32.0,LAL,PG,53.0,0.0,869.0,10.4,0.488,0.265,0.126,2.2,9.2,5.6,33.9,1.5,0.6,24.8,16.3,-0.2,0.1,-0.1,-0.006,-2.7,-2.2,-5.0,-0.7,,2016,False
290.0,Brandon Jennings,26.0,2TM,PG,48.0,7.0,868.0,13.7,0.491,0.51,0.257,2.0,10.4,6.1,29.2,1.7,0.7,14.4,20.0,0.8,0.7,1.5,0.082,0.2,-0.7,-0.4,0.3,,2016,False
290.0,Brandon Jennings,26.0,DET,PG,23.0,1.0,416.0,13.1,0.491,0.538,0.266,1.3,11.2,6.0,25.7,1.3,0.4,12.1,19.0,0.4,0.4,0.8,0.094,0.1,-0.2,0.0,0.2,,2016,False
290.0,Brandon Jennings,26.0,ORL,PG,25.0,6.0,452.0,14.3,0.49,0.484,0.248,2.7,9.7,6.1,32.4,2.0,0.9,16.4,20.9,0.3,0.4,0.7,0.071,0.3,-1.2,-0.8,0.1,,2016,False
291.0,Solomon Hill,24.0,IND,SF,59.0,3.0,866.0,12.2,0.543,0.356,0.202,4.9,15.9,10.5,9.6,2.1,1.0,12.7,13.2,0.8,1.3,2.1,0.117,-1.1,1.2,0.1,0.5,,2016,False
292.0,Tim Hardaway Jr.,23.0,ATL,SG,51.0,1.0,864.0,11.7,0.563,0.54,0.211,0.9,9.8,5.4,8.9,1.2,0.6,7.4,16.2,0.9,1.0,1.9,0.105,-1.1,0.2,-0.9,0.2,,2016,False
293.0,Tyler Johnson,23.0,MIA,SG,36.0,5.0,863.0,13.8,0.579,0.292,0.263,3.8,10.3,7.2,13.9,1.4,1.2,14.8,16.8,1.2,0.9,2.0,0.113,-0.1,0.7,0.7,0.6,,2016,False
294.0,Alexis Ajinça,27.0,NOP,C,59.0,17.0,861.0,13.8,0.514,0.003,0.197,9.3,25.9,17.3,5.8,1.1,3.4,13.6,20.4,0.2,0.9,1.0,0.058,-3.4,-0.6,-4.0,-0.4,,2016,False
295.0,Chris Johnson,25.0,UTA,SF,70.0,2.0,857.0,8.2,0.482,0.51,0.216,3.7,14.3,9.0,8.0,2.0,2.0,15.8,13.6,-0.1,1.2,1.1,0.059,-3.3,1.3,-2.0,0.0,,2016,False
296.0,Johnny O'Bryant,22.0,MIL,PF,66.0,4.0,857.0,7.4,0.441,0.005,0.191,8.7,14.7,11.7,5.4,1.1,0.8,12.0,13.5,-0.2,0.4,0.3,0.014,-4.2,-1.7,-5.9,-0.8,,2016,False
297.0,Luke Babbitt,26.0,NOP,SF,47.0,13.0,845.0,11.6,0.526,0.377,0.173,3.2,16.7,9.7,9.6,0.6,0.7,6.9,17.5,0.8,0.3,1.1,0.064,-1.0,-1.5,-2.5,-0.1,,2016,False
298.0,Kris Humphries,30.0,3TM,PF,53.0,17.0,835.0,13.1,0.517,0.366,0.285,7.5,21.5,14.4,6.6,0.9,2.2,10.3,19.5,0.5,1.1,1.6,0.093,-1.6,-0.4,-2.0,0.0,,2016,False
298.0,Kris Humphries,30.0,WAS,PF,28.0,14.0,466.0,11.8,0.524,0.424,0.196,6.1,21.8,13.8,5.0,0.3,2.4,10.4,18.0,0.3,0.5,0.7,0.073,-1.4,-0.9,-2.3,0.0,,2016,False
298.0,Kris Humphries,30.0,PHO,PF,4.0,3.0,74.0,13.5,0.367,0.278,0.222,15.8,31.5,23.5,14.8,2.0,2.2,9.2,25.0,-0.1,0.1,0.0,0.012,-1.1,-1.6,-2.7,0.0,,2016,False
298.0,Kris Humphries,30.0,ATL,PF,21.0,0.0,295.0,14.9,0.555,0.307,0.446,7.6,18.5,13.1,6.9,1.7,1.9,10.4,20.4,0.4,0.5,0.9,0.143,-2.2,0.8,-1.4,0.0,,2016,False
299.0,Marreese Speights,28.0,GSW,C,72.0,0.0,832.0,17.1,0.506,0.136,0.25,10.6,19.8,15.5,11.4,1.1,3.0,11.5,29.7,0.5,1.2,1.8,0.102,-2.3,-1.5,-3.7,-0.4,,2016,False
300.0,Pablo Prigioni,38.0,LAC,PG,59.0,3.0,823.0,10.2,0.482,0.646,0.054,5.1,9.9,7.5,21.8,3.2,0.1,24.6,11.0,0.3,1.1,1.5,0.087,-2.5,2.1,-0.4,0.3,,2016,False
301.0,Andrew Nicholson,26.0,ORL,PF,56.0,0.0,823.0,14.8,0.567,0.368,0.21,4.5,22.8,13.5,4.8,0.6,2.2,10.8,20.4,0.8,0.8,1.6,0.092,0.0,-1.1,-1.1,0.2,,2016,False
302.0,Jonathon Simmons,26.0,SAS,SG,55.0,2.0,813.0,11.9,0.586,0.194,0.38,2.3,10.8,6.7,10.4,1.5,0.5,15.8,18.9,0.7,1.3,2.0,0.119,-3.1,0.4,-2.7,-0.2,,2016,False
303.0,Gary Neal,31.0,WAS,SG,40.0,2.0,807.0,13.5,0.558,0.308,0.169,1.5,10.2,5.8,9.2,1.2,0.1,7.7,20.5,0.9,0.5,1.4,0.085,-0.1,-1.3,-1.5,0.1,,2016,False
304.0,Cole Aldrich,27.0,LAC,C,60.0,5.0,800.0,21.3,0.626,0.0,0.373,11.9,27.1,19.6,10.0,2.9,6.7,19.6,18.4,1.4,2.0,3.5,0.209,-0.9,3.4,2.4,0.9,,2016,False
305.0,Alec Burks,24.0,UTA,SG,31.0,3.0,797.0,14.3,0.52,0.237,0.422,2.4,13.6,8.0,13.9,1.2,0.4,11.4,25.9,0.7,0.8,1.5,0.09,0.2,-0.6,-0.4,0.3,,2016,False
306.0,DeMarre Carroll,29.0,TOR,SF,26.0,22.0,786.0,11.9,0.49,0.437,0.185,4.6,13.1,8.9,5.5,2.9,0.6,8.8,18.5,0.2,1.0,1.2,0.074,-0.8,1.1,0.3,0.5,,2016,False
307.0,Justin Holiday,26.0,2TM,SG,53.0,5.0,773.0,9.4,0.489,0.461,0.162,1.7,10.5,6.2,10.7,2.1,1.8,13.8,16.2,-0.3,0.9,0.6,0.04,-3.3,0.1,-3.1,-0.2,,2016,False
307.0,Justin Holiday,26.0,ATL,SG,26.0,1.0,263.0,4.7,0.407,0.616,0.137,1.7,9.3,5.6,5.9,2.4,1.2,14.4,15.4,-0.5,0.4,-0.1,-0.021,-6.1,0.4,-5.6,-0.2,,2016,False
307.0,Justin Holiday,26.0,CHI,SG,27.0,4.0,510.0,11.8,0.527,0.387,0.174,1.7,11.1,6.5,13.2,1.9,2.1,13.5,16.6,0.2,0.5,0.8,0.072,-1.9,0.0,-1.9,0.0,,2016,False
308.0,Festus Ezeli,26.0,GSW,C,46.0,13.0,770.0,17.7,0.559,0.0,0.579,13.5,21.9,18.0,5.8,1.1,4.8,11.7,18.2,1.4,1.3,2.7,0.171,-0.6,0.4,-0.1,0.4,,2016,False
309.0,Tyreke Evans,26.0,NOP,SG,25.0,25.0,765.0,17.9,0.534,0.271,0.296,2.8,16.4,9.3,34.6,2.1,0.9,17.1,24.7,0.8,0.6,1.4,0.087,1.8,-0.1,1.7,0.7,,2016,False
310.0,Kyle O'Quinn,25.0,NYK,PF,65.0,1.0,764.0,17.5,0.52,0.081,0.221,11.0,24.5,17.9,15.9,1.3,4.9,17.0,21.2,0.5,1.2,1.6,0.103,-1.0,1.4,0.4,0.5,,2016,False
311.0,Amar'e Stoudemire,33.0,MIA,C,52.0,36.0,762.0,17.3,0.599,0.0,0.303,10.0,22.6,16.5,5.6,1.2,4.1,15.8,17.8,1.1,1.3,2.4,0.15,-1.3,0.6,-0.6,0.3,,2016,False
312.0,Mo Williams,33.0,CLE,PG,41.0,14.0,748.0,12.4,0.527,0.338,0.139,0.9,9.9,5.4,21.1,1.0,0.5,15.1,22.8,0.4,0.7,1.1,0.067,-0.9,-0.6,-1.5,0.1,,2016,False
313.0,Tim Frazier,25.0,2TM,PG,51.0,2.0,741.0,13.9,0.499,0.21,0.323,3.8,12.8,8.2,33.3,2.2,0.2,19.9,19.4,0.4,0.5,1.0,0.062,-1.5,-0.5,-2.0,0.0,,2016,False
313.0,Tim Frazier,25.0,POR,PG,35.0,1.0,272.0,4.7,0.383,0.283,0.25,4.4,11.2,7.8,21.3,1.8,0.3,28.8,15.0,-0.5,0.2,-0.3,-0.051,-6.3,-0.4,-6.8,-0.3,,2016,False
313.0,Tim Frazier,25.0,NOP,PG,16.0,1.0,469.0,19.1,0.539,0.183,0.349,3.4,13.7,8.4,40.3,2.4,0.2,16.3,22.0,0.9,0.3,1.2,0.128,1.3,-0.6,0.8,0.3,,2016,False
314.0,Norman Powell,22.0,TOR,SG,49.0,24.0,725.0,13.3,0.541,0.389,0.231,2.6,14.8,8.8,10.4,2.1,1.1,11.3,17.8,0.7,0.9,1.6,0.105,-0.5,0.3,-0.3,0.3,,2016,False
315.0,James Anderson,26.0,SAC,SG,51.0,15.0,721.0,6.0,0.469,0.483,0.163,2.0,10.9,6.5,7.7,1.4,1.6,18.0,13.7,-0.6,0.4,-0.3,-0.017,-3.9,-0.6,-4.5,-0.5,,2016,False
316.0,Tyler Zeller,26.0,BOS,C,60.0,3.0,710.0,15.4,0.539,0.0,0.372,9.1,17.6,13.3,6.6,0.7,2.4,12.0,23.0,0.8,0.9,1.7,0.114,-2.1,-1.2,-3.3,-0.2,,2016,False
317.0,Beno Udrih,33.0,2TM,PG,44.0,5.0,707.0,9.5,0.496,0.222,0.101,1.3,10.0,5.8,24.9,1.0,0.1,20.4,16.7,-0.1,0.5,0.4,0.029,-2.7,-1.0,-3.6,-0.3,,2016,False
317.0,Beno Udrih,33.0,MEM,PG,8.0,0.0,120.0,12.6,0.497,0.239,0.065,1.8,7.0,4.3,36.4,1.3,0.8,18.9,21.8,0.0,0.0,0.1,0.024,-0.2,-1.7,-1.9,0.0,,2016,False
317.0,Beno Udrih,33.0,MIA,PG,36.0,5.0,587.0,8.9,0.495,0.217,0.112,1.2,10.7,6.1,22.5,1.0,0.0,20.8,15.7,-0.1,0.5,0.4,0.03,-3.2,-0.8,-4.0,-0.3,,2016,False
318.0,Dewayne Dedmon,26.0,ORL,C,58.0,20.0,705.0,17.0,0.606,0.0,0.429,10.4,25.7,17.9,2.7,1.6,5.4,13.2,15.2,1.2,1.1,2.4,0.162,-1.6,0.7,-0.9,0.2,,2016,False
319.0,Mike Dunleavy,35.0,CHI,SF,31.0,30.0,703.0,9.1,0.543,0.527,0.197,1.2,11.0,6.2,8.1,1.0,1.0,11.3,14.4,0.4,0.5,0.9,0.063,-2.6,-0.9,-3.5,-0.3,,2016,False
320.0,Richaun Holmes,22.0,PHI,PF,51.0,1.0,702.0,15.9,0.564,0.198,0.333,9.3,11.7,10.5,8.0,1.3,4.3,11.2,17.9,1.0,0.5,1.5,0.103,-1.1,-0.4,-1.5,0.1,,2016,False
321.0,Nick Collison,35.0,OKC,PF,59.0,4.0,699.0,7.7,0.498,0.018,0.303,11.2,15.2,13.3,9.6,1.1,1.7,28.8,10.6,0.1,0.7,0.8,0.053,-3.6,0.5,-3.1,-0.2,,2016,False
322.0,Cameron Payne,21.0,OKC,PG,57.0,1.0,698.0,12.9,0.49,0.399,0.086,1.5,11.2,6.6,22.5,2.6,0.7,13.2,20.3,0.6,0.8,1.4,0.093,-1.3,0.6,-0.7,0.2,,2016,False
323.0,Seth Curry,25.0,SAC,PG,44.0,9.0,692.0,13.8,0.603,0.496,0.241,1.4,7.9,4.7,14.2,1.5,0.4,12.7,17.4,1.2,0.2,1.4,0.097,0.7,-0.9,-0.2,0.3,,2016,False
324.0,Kelly Oubre Jr.,20.0,WAS,SF,63.0,9.0,671.0,8.2,0.507,0.374,0.232,4.1,18.4,11.1,2.8,1.6,0.8,12.8,17.4,-0.3,0.7,0.4,0.031,-4.6,-0.5,-5.1,-0.5,,2016,False
325.0,Charlie Villanueva,31.0,DAL,PF,62.0,4.0,665.0,11.9,0.473,0.526,0.073,4.0,21.1,12.5,6.2,1.4,1.9,8.4,25.3,-0.6,0.8,0.2,0.016,-1.9,-0.8,-2.7,-0.1,,2016,False
326.0,Jeff Withey,25.0,UTA,C,51.0,10.0,658.0,17.7,0.577,0.012,0.364,10.0,20.7,15.4,5.0,1.7,6.8,13.0,15.1,1.1,1.3,2.3,0.171,-1.0,2.0,1.0,0.5,,2016,False
327.0,C.J. Watson,31.0,ORL,PG,33.0,2.0,656.0,8.6,0.461,0.35,0.285,1.7,9.6,5.6,18.1,1.4,0.6,14.0,12.1,0.2,0.4,0.6,0.047,-3.0,-0.1,-3.0,-0.2,,2016,False
328.0,Tyler Ennis,21.0,MIL,PG,46.0,7.0,654.0,10.7,0.51,0.209,0.182,2.3,10.7,6.6,21.9,1.9,0.1,18.6,17.1,0.1,0.3,0.4,0.03,-3.1,-1.1,-4.3,-0.4,,2016,False
329.0,Justin Anderson,22.0,DAL,SF,55.0,9.0,647.0,12.3,0.522,0.474,0.314,3.1,19.3,11.2,6.8,1.5,3.2,10.8,15.8,0.3,0.8,1.1,0.083,-1.1,1.4,0.3,0.4,,2016,False
330.0,Joakim Noah,30.0,CHI,C,29.0,2.0,635.0,14.1,0.406,0.008,0.338,14.7,27.3,21.1,24.2,1.4,3.3,25.4,14.2,0.0,1.1,1.1,0.079,-1.5,3.1,1.6,0.6,,2016,False
331.0,Andrea Bargnani,30.0,BRK,C,46.0,0.0,634.0,11.8,0.5,0.057,0.204,4.9,12.4,8.6,4.8,0.3,1.1,7.9,23.2,0.1,0.0,0.2,0.013,-2.6,-2.6,-5.1,-0.5,,2016,False
332.0,Kirk Hinrich,35.0,2TM,PG,46.0,7.0,631.0,7.2,0.504,0.481,0.124,1.4,10.2,5.9,16.0,1.2,0.2,18.1,11.6,0.1,0.5,0.6,0.044,-3.9,0.5,-3.5,-0.2,,2016,False
332.0,Kirk Hinrich,35.0,CHI,PG,35.0,7.0,555.0,7.3,0.528,0.475,0.136,1.4,9.5,5.5,15.0,1.2,0.1,17.8,12.0,0.2,0.4,0.6,0.048,-3.9,0.3,-3.6,-0.2,,2016,False
332.0,Kirk Hinrich,35.0,ATL,PG,11.0,0.0,76.0,6.2,0.227,0.545,0.0,1.5,15.4,8.6,23.8,1.3,1.0,21.4,8.2,-0.1,0.1,0.0,0.019,-4.3,1.8,-2.5,0.0,,2016,False
333.0,Sean Kilpatrick,26.0,2TM,SG,31.0,0.0,616.0,15.6,0.576,0.422,0.248,2.1,8.2,5.1,8.0,1.0,0.3,9.4,23.8,1.0,0.0,1.0,0.076,1.0,-3.1,-2.2,0.0,,2016,False
333.0,Sean Kilpatrick,26.0,DEN,SG,8.0,0.0,82.0,8.0,0.551,0.81,0.381,2.7,5.5,4.1,5.4,1.2,0.0,14.0,15.2,0.0,0.0,0.1,0.037,-2.3,-1.4,-3.8,0.0,,2016,False
333.0,Sean Kilpatrick,26.0,BRK,SG,23.0,0.0,534.0,16.7,0.578,0.39,0.237,2.1,8.6,5.3,8.4,0.9,0.3,8.9,25.2,0.9,0.0,0.9,0.082,1.5,-3.4,-1.9,0.0,,2016,False
334.0,Rondae Hollis-Jefferson,21.0,BRK,SF,29.0,17.0,615.0,14.2,0.519,0.101,0.377,7.0,21.4,14.1,10.1,3.2,2.1,13.9,13.5,0.5,0.7,1.2,0.094,-1.4,2.2,0.8,0.4,,2016,False
335.0,Shabazz Napier,24.0,ORL,PG,55.0,0.0,600.0,9.6,0.46,0.517,0.224,1.6,8.6,5.1,23.1,1.9,0.1,17.2,19.7,-0.3,0.4,0.1,0.004,-2.0,-1.0,-3.0,-0.2,,2016,False
336.0,Anthony Brown,23.0,LAL,SF,29.0,11.0,599.0,4.9,0.427,0.556,0.159,1.6,11.3,6.3,4.8,1.2,0.7,10.0,11.0,-0.4,0.1,-0.3,-0.024,-4.5,-1.0,-5.5,-0.5,,2016,False
337.0,Josh McRoberts,28.0,MIA,PF,42.0,1.0,595.0,9.9,0.453,0.331,0.27,4.3,15.3,10.0,19.4,1.6,0.9,15.3,15.0,0.1,0.7,0.8,0.064,-2.6,1.0,-1.6,0.1,,2016,False
338.0,Metta World Peace,36.0,LAL,SF,35.0,5.0,590.0,8.3,0.435,0.475,0.322,3.4,13.2,8.1,7.2,1.9,1.5,6.9,16.2,-0.2,0.3,0.1,0.008,-3.2,-0.3,-3.5,-0.2,,2016,False
339.0,Tiago Splitter,31.0,ATL,C,36.0,2.0,579.0,13.7,0.571,0.013,0.31,8.7,13.8,11.3,7.9,1.7,1.6,12.0,15.5,0.9,0.9,1.7,0.144,-2.2,0.5,-1.7,0.0,,2016,False
340.0,Ian Clark,24.0,GSW,SG,66.0,1.0,578.0,11.5,0.544,0.416,0.168,2.6,9.7,6.3,15.3,1.4,1.7,16.5,19.5,0.3,0.6,0.9,0.075,-1.5,-0.4,-1.9,0.0,,2016,False
341.0,Tyus Jones,19.0,MIN,PG,37.0,0.0,573.0,11.2,0.45,0.34,0.25,1.4,8.0,4.8,27.7,2.7,0.4,16.0,16.1,0.0,0.3,0.3,0.027,-1.9,-0.5,-2.4,-0.1,,2016,False
342.0,Carl Landry,32.0,PHI,PF,36.0,12.0,569.0,22.4,0.605,0.052,0.364,9.1,19.2,14.0,11.1,1.0,1.2,7.1,24.0,1.8,0.3,2.1,0.176,2.6,-1.4,1.2,0.5,,2016,False
343.0,Mike Muscala,24.0,ATL,C,60.0,0.0,565.0,13.6,0.576,0.257,0.257,7.5,14.9,11.3,9.1,1.1,3.8,13.8,15.5,0.7,0.9,1.6,0.136,-2.1,1.2,-0.9,0.2,,2016,False
344.0,Kevin Garnett,39.0,MIN,PF,38.0,38.0,556.0,12.3,0.491,0.009,0.183,3.2,27.9,15.7,16.4,2.5,1.5,11.4,11.3,0.4,0.7,1.1,0.092,-1.6,3.1,1.5,0.5,,2016,False
345.0,Donatas Motiejūnas,25.0,HOU,PF,37.0,22.0,547.0,11.3,0.504,0.278,0.259,7.4,14.6,11.0,12.2,1.5,0.8,16.2,21.4,0.0,0.3,0.3,0.027,-2.8,-1.7,-4.5,-0.3,,2016,False
346.0,Jusuf Nurkić,21.0,DEN,C,32.0,3.0,547.0,15.9,0.46,0.012,0.409,12.9,22.7,17.7,12.3,2.2,6.5,16.1,27.2,-0.5,0.9,0.4,0.031,-3.6,0.7,-2.9,-0.1,,2016,False
347.0,Kendrick Perkins,31.0,NOP,C,37.0,5.0,542.0,6.0,0.529,0.0,0.333,4.9,21.8,13.1,7.9,1.0,1.7,32.3,10.4,-0.4,0.4,-0.1,-0.007,-5.2,0.2,-5.0,-0.4,,2016,False
348.0,Kevin Séraphin,26.0,NYK,C,48.0,0.0,526.0,10.8,0.435,0.01,0.112,6.5,19.5,13.1,14.8,0.8,5.2,16.7,22.2,-0.8,0.7,-0.2,-0.015,-4.4,0.6,-3.8,-0.2,,2016,False
349.0,Boban Marjanović,27.0,SAS,C,54.0,4.0,508.0,27.7,0.662,0.0,0.655,16.9,26.2,21.7,6.6,1.2,3.5,11.5,22.8,2.3,1.2,3.4,0.325,3.9,0.4,4.3,0.8,,2016,False
350.0,Glenn Robinson III,22.0,IND,SF,45.0,4.0,508.0,11.4,0.508,0.245,0.258,2.6,12.0,7.3,7.7,1.7,1.4,9.7,16.1,0.2,0.6,0.8,0.078,-1.6,0.5,-1.1,0.1,,2016,False
351.0,Sonny Weems,29.0,2TM,SF,43.0,0.0,499.0,3.7,0.459,0.373,0.136,1.5,10.3,5.8,14.2,1.0,0.2,26.0,13.5,-0.7,0.1,-0.5,-0.053,-5.6,-1.7,-7.3,-0.7,,2016,False
351.0,Sonny Weems,29.0,PHO,SG,36.0,0.0,421.0,4.3,0.475,0.36,0.146,1.5,9.2,5.3,16.2,1.2,0.2,28.1,13.3,-0.5,0.1,-0.4,-0.043,-5.2,-1.5,-6.7,-0.5,,2016,False
351.0,Sonny Weems,29.0,PHI,SF,7.0,0.0,78.0,0.8,0.388,0.429,0.095,1.3,15.9,8.4,3.9,0.0,0.0,15.5,14.5,-0.2,0.0,-0.2,-0.104,-7.5,-2.7,-10.2,-0.2,,2016,False
352.0,Tarik Black,24.0,LAL,C,39.0,0.0,496.0,12.3,0.537,0.0,0.433,9.2,25.4,17.0,5.2,1.4,2.9,15.1,12.9,0.3,0.4,0.7,0.072,-3.1,-0.2,-3.3,-0.2,,2016,False
353.0,Anderson Varejão,33.0,2TM,C,53.0,0.0,496.0,11.1,0.473,0.008,0.403,8.5,22.8,15.8,9.8,1.6,1.6,13.1,15.0,0.3,0.8,1.0,0.101,-3.5,0.6,-2.9,-0.1,,2016,False
353.0,Anderson Varejão,33.0,CLE,C,31.0,0.0,310.0,11.2,0.469,0.013,0.276,8.8,24.3,16.6,9.3,1.8,1.3,15.8,14.8,0.1,0.5,0.6,0.089,-3.4,1.0,-2.4,0.0,,2016,False
353.0,Anderson Varejão,33.0,GSW,C,22.0,0.0,186.0,11.0,0.477,0.0,0.604,8.0,20.2,14.5,10.5,1.3,2.0,9.0,15.5,0.2,0.3,0.5,0.12,-3.7,0.1,-3.6,-0.1,,2016,False
354.0,Adreian Payne,24.0,MIN,PF,52.0,2.0,486.0,5.6,0.422,0.221,0.179,4.8,21.5,13.3,8.9,1.7,1.8,18.7,17.7,-0.9,0.4,-0.5,-0.047,-6.1,-0.2,-6.2,-0.5,,2016,False
355.0,John Jenkins,24.0,2TM,SG,43.0,3.0,480.0,10.0,0.522,0.319,0.15,1.8,11.3,6.5,11.7,0.8,0.2,13.7,18.1,0.0,0.2,0.2,0.022,-1.9,-1.0,-2.9,-0.1,,2016,False
355.0,John Jenkins,24.0,DAL,SG,21.0,1.0,193.0,7.2,0.466,0.271,0.129,2.3,10.2,6.3,7.6,0.8,0.0,12.9,20.1,-0.2,0.1,-0.1,-0.033,-4.3,-1.3,-5.7,-0.2,,2016,False
355.0,John Jenkins,24.0,PHO,SG,22.0,2.0,287.0,11.9,0.564,0.356,0.167,1.5,12.0,6.6,14.4,0.8,0.3,14.2,16.7,0.3,0.1,0.4,0.059,-0.3,-0.7,-1.1,0.1,,2016,False
356.0,Troy Daniels,24.0,CHO,SG,43.0,0.0,476.0,14.9,0.634,0.652,0.048,1.6,11.6,6.5,7.6,1.2,0.5,11.2,20.4,0.6,0.4,1.1,0.109,1.8,-1.0,0.7,0.3,,2016,False
357.0,Ray McCallum,24.0,2TM,PG,41.0,6.0,475.0,9.1,0.449,0.288,0.103,1.9,9.3,5.6,18.5,1.3,1.2,13.6,16.8,-0.2,0.5,0.3,0.034,-2.6,-0.5,-3.1,-0.1,,2016,False
357.0,Ray McCallum,24.0,SAS,PG,31.0,3.0,256.0,10.3,0.476,0.239,0.149,2.8,10.8,6.9,17.7,1.0,1.2,13.3,14.7,0.1,0.4,0.5,0.092,-2.3,0.5,-1.7,0.0,,2016,False
357.0,Ray McCallum,24.0,MEM,PG,10.0,3.0,219.0,7.7,0.425,0.329,0.063,1.0,7.6,4.2,19.5,1.6,1.3,13.8,19.3,-0.3,0.1,-0.2,-0.033,-3.0,-1.6,-4.7,-0.1,,2016,False
358.0,Jason Thompson,29.0,2TM,C,47.0,7.0,471.0,14.2,0.558,0.139,0.5,7.9,23.4,15.9,8.5,1.3,3.3,10.2,13.9,0.9,0.7,1.6,0.165,-2.1,1.2,-0.8,0.1,,2016,False
358.0,Jason Thompson,29.0,GSW,C,28.0,1.0,179.0,13.3,0.535,0.0,0.762,6.4,25.0,16.2,13.9,1.1,3.3,11.1,15.2,0.3,0.3,0.6,0.169,-3.4,2.2,-1.3,0.0,,2016,False
358.0,Jason Thompson,29.0,TOR,C,19.0,6.0,292.0,14.7,0.575,0.227,0.333,8.8,22.4,15.7,5.3,1.4,3.4,9.6,13.0,0.6,0.4,1.0,0.163,-1.2,0.6,-0.6,0.1,,2016,False
359.0,Ryan Kelly,24.0,LAL,PF,36.0,0.0,470.0,10.3,0.44,0.248,0.362,4.6,23.7,13.8,6.9,1.4,1.7,9.4,17.9,-0.3,0.3,0.1,0.005,-2.9,-0.6,-3.5,-0.2,,2016,False
360.0,Brian Roberts,30.0,2TM,PG,51.0,0.0,470.0,13.8,0.552,0.255,0.285,1.4,8.2,4.8,18.6,1.1,0.3,11.0,19.8,0.7,0.3,1.0,0.105,-0.9,-0.7,-1.6,0.0,,2016,False
360.0,Brian Roberts,30.0,CHO,PG,30.0,0.0,333.0,13.9,0.552,0.235,0.322,1.3,8.3,4.8,18.7,1.1,0.2,10.9,19.9,0.5,0.3,0.8,0.108,-0.9,-0.5,-1.4,0.0,,2016,False
360.0,Brian Roberts,30.0,POR,PG,21.0,0.0,137.0,13.7,0.551,0.3,0.2,1.6,7.9,4.7,18.5,1.1,0.6,11.4,19.6,0.2,0.1,0.3,0.096,-0.8,-1.3,-2.2,0.0,,2016,False
361.0,James Jones,35.0,CLE,SF,48.0,0.0,463.0,11.6,0.58,0.732,0.183,2.0,10.2,6.1,4.5,1.2,1.8,7.8,16.2,0.7,0.5,1.2,0.12,-0.2,-0.1,-0.3,0.2,,2016,False
362.0,Andre Miller,39.0,2TM,PG,39.0,4.0,461.0,13.4,0.6,0.075,0.302,3.1,9.5,6.4,28.3,1.8,0.0,23.6,15.4,0.6,0.4,1.0,0.1,-1.4,-0.5,-1.9,0.0,,2016,False
362.0,Andre Miller,39.0,MIN,PG,26.0,0.0,280.0,13.7,0.663,0.069,0.328,2.5,7.4,5.0,31.9,1.6,0.0,27.4,14.6,0.5,0.1,0.5,0.088,-0.8,-1.3,-2.2,0.0,,2016,False
362.0,Andre Miller,39.0,SAS,PG,13.0,4.0,181.0,12.9,0.521,0.083,0.271,3.9,12.8,8.5,22.6,2.0,0.0,18.3,16.6,0.1,0.3,0.4,0.118,-2.2,0.9,-1.3,0.0,,2016,False
363.0,Greivis Vásquez,29.0,MIL,PG,23.0,0.0,460.0,7.4,0.435,0.529,0.188,1.3,10.3,5.8,28.5,1.1,0.0,21.1,18.5,-0.4,0.1,-0.3,-0.033,-3.4,-2.9,-6.2,-0.5,,2016,False
364.0,Ryan Hollins,31.0,2TM,C,37.0,12.0,460.0,12.3,0.636,0.0,0.532,11.2,13.2,12.1,3.3,0.7,4.2,19.8,11.8,0.6,0.3,1.0,0.1,-2.8,-1.0,-3.7,-0.2,,2016,False
364.0,Ryan Hollins,31.0,WAS,C,5.0,3.0,48.0,7.2,0.571,0.0,0.0,16.0,9.5,12.8,0.0,0.0,1.7,30.0,9.1,0.0,0.0,0.0,0.04,-3.0,-3.2,-6.1,-0.1,,2016,False
364.0,Ryan Hollins,31.0,MEM,C,32.0,9.0,412.0,12.9,0.641,0.0,0.583,10.6,13.6,12.0,3.7,0.7,4.5,18.8,12.1,0.6,0.3,0.9,0.107,-2.8,-0.7,-3.5,-0.2,,2016,False
365.0,J.J. Hickson,27.0,2TM,C,35.0,9.0,436.0,16.8,0.514,0.006,0.665,9.8,24.1,16.8,8.7,1.7,2.6,11.1,22.6,0.3,0.5,0.8,0.088,-1.1,0.0,-1.1,0.1,,2016,False
365.0,J.J. Hickson,27.0,DEN,C,20.0,9.0,305.0,15.8,0.508,0.0,0.541,7.9,24.0,15.8,8.7,1.6,3.2,10.6,21.6,0.1,0.4,0.5,0.077,-1.6,0.4,-1.1,0.1,,2016,False
365.0,J.J. Hickson,27.0,WAS,C,15.0,0.0,131.0,18.9,0.528,0.022,0.957,14.2,24.4,19.2,8.5,1.9,1.2,12.1,24.8,0.1,0.2,0.3,0.114,0.0,-1.1,-1.0,0.0,,2016,False
366.0,Rasual Butler,36.0,SAS,SF,46.0,0.0,432.0,13.4,0.558,0.471,0.154,0.8,13.5,7.4,7.7,1.5,4.1,6.7,12.6,0.4,0.9,1.3,0.146,0.4,2.5,2.9,0.5,,2016,False
367.0,Reggie Bullock,24.0,DET,SF,37.0,0.0,429.0,12.0,0.583,0.541,0.153,3.4,14.3,8.6,9.2,1.2,0.4,7.1,11.4,0.8,0.4,1.2,0.134,0.1,0.7,0.8,0.3,,2016,False
368.0,Willie Reed,25.0,BRK,C,39.0,2.0,426.0,19.2,0.579,0.0,0.414,12.7,19.6,16.1,3.8,0.7,5.7,9.2,18.1,0.9,0.3,1.2,0.134,0.4,-0.9,-0.5,0.2,,2016,False
369.0,Jared Cunningham,24.0,2TM,SG,44.0,3.0,410.0,5.9,0.464,0.371,0.524,0.8,9.6,5.3,6.9,1.8,0.4,14.0,16.5,-0.3,0.4,0.1,0.014,-5.5,-0.2,-5.7,-0.4,,2016,False
369.0,Jared Cunningham,24.0,CLE,SG,40.0,3.0,355.0,5.9,0.464,0.352,0.527,1.0,8.2,4.6,7.6,1.7,0.5,13.8,16.6,-0.2,0.4,0.1,0.018,-5.5,0.0,-5.6,-0.3,,2016,False
369.0,Jared Cunningham,24.0,MIL,SG,4.0,0.0,55.0,5.8,0.468,0.5,0.5,0.0,18.5,9.3,2.5,1.9,0.0,14.9,16.4,-0.1,0.0,0.0,-0.012,-5.3,-1.5,-6.8,-0.1,,2016,False
370.0,Chris Andersen,37.0,2TM,C,27.0,15.0,402.0,15.3,0.598,0.194,0.5,9.9,18.2,13.9,4.4,1.9,2.9,9.3,10.8,0.8,0.4,1.3,0.149,0.7,0.0,0.7,0.3,,2016,False
370.0,Chris Andersen,37.0,MIA,C,7.0,1.0,36.0,17.6,0.553,0.5,0.4,9.8,18.3,14.2,12.2,1.4,6.4,14.5,17.5,0.1,0.1,0.1,0.165,1.2,3.3,4.5,0.1,,2016,False
370.0,Chris Andersen,37.0,MEM,C,20.0,14.0,366.0,15.1,0.605,0.145,0.516,9.9,18.2,13.9,3.7,2.0,2.5,8.4,10.2,0.7,0.4,1.1,0.148,0.6,-0.3,0.4,0.2,,2016,False
371.0,Kendall Marshall,24.0,PHI,PG,30.0,6.0,400.0,6.7,0.449,0.415,0.11,0.5,7.3,3.8,28.4,2.0,0.4,25.8,18.3,-0.7,0.1,-0.5,-0.064,-4.7,-2.6,-7.3,-0.5,,2016,False
372.0,Sergey Karasev,22.0,BRK,SF,40.0,5.0,399.0,8.5,0.562,0.5,0.378,2.2,14.3,8.2,12.2,0.8,0.4,20.3,12.1,0.2,0.1,0.3,0.031,-2.3,-1.4,-3.8,-0.2,,2016,False
373.0,Salah Mejri,29.0,DAL,C,34.0,6.0,397.0,16.8,0.636,0.013,0.59,11.4,22.6,17.0,3.9,1.0,7.6,19.0,14.0,0.6,0.7,1.3,0.156,-1.6,1.8,0.2,0.2,,2016,False
374.0,Lamar Patterson,24.0,ATL,SG,35.0,0.0,395.0,5.1,0.468,0.613,0.275,1.1,12.4,6.9,13.6,1.1,0.4,20.4,12.8,-0.3,0.5,0.2,0.025,-5.4,0.3,-5.1,-0.3,,2016,False
375.0,Joe Young,23.0,IND,PG,41.0,0.0,384.0,9.9,0.428,0.272,0.148,1.7,12.5,7.1,26.9,1.9,0.0,15.5,24.4,-0.5,0.5,-0.1,-0.009,-3.9,-0.8,-4.7,-0.3,,2016,False
376.0,Darrun Hilliard,22.0,DET,SG,38.0,2.0,383.0,10.7,0.511,0.382,0.305,1.4,11.9,6.4,10.9,1.2,0.2,11.3,19.1,0.2,0.3,0.5,0.066,-1.9,-0.5,-2.5,0.0,,2016,False
377.0,Jarell Martin,21.0,MEM,PF,27.0,0.0,380.0,14.0,0.534,0.017,0.534,11.2,14.7,12.9,6.4,1.1,1.7,11.7,19.2,0.5,0.2,0.8,0.1,-2.0,-1.8,-3.7,-0.2,,2016,False
378.0,Montrezl Harrell,22.0,HOU,PF,39.0,1.0,379.0,14.6,0.635,0.011,0.511,7.2,11.7,9.5,7.2,1.4,2.4,13.4,14.5,0.7,0.2,0.9,0.118,-0.5,-0.1,-0.6,0.1,,2016,False
379.0,Mike Miller,35.0,DEN,SF,47.0,2.0,373.0,6.5,0.508,0.839,0.0,1.8,14.2,7.9,14.9,1.7,0.9,21.5,9.3,0.1,0.3,0.3,0.04,-3.8,1.2,-2.6,0.0,,2016,False
380.0,JaVale McGee,28.0,DAL,C,34.0,2.0,370.0,19.9,0.574,0.007,0.269,15.8,23.7,19.7,1.5,0.7,5.9,12.3,21.1,0.6,0.5,1.1,0.146,-0.2,-0.2,-0.3,0.1,,2016,False
381.0,Michael Beasley,27.0,HOU,PF,20.0,0.0,363.0,22.5,0.563,0.044,0.239,8.8,21.1,14.9,9.1,1.5,2.1,9.6,29.7,0.6,0.3,1.0,0.128,2.2,-1.2,0.9,0.3,,2016,False
382.0,Chris McCullough,20.0,BRK,PF,24.0,4.0,362.0,12.2,0.47,0.312,0.211,7.6,13.6,10.5,3.7,3.9,2.7,11.2,16.5,-0.1,0.4,0.3,0.043,-2.7,0.4,-2.4,0.0,,2016,False
383.0,Tyler Hansbrough,30.0,CHO,PF,44.0,0.0,343.0,12.5,0.522,0.042,0.915,12.6,15.8,14.2,3.5,1.8,1.7,10.8,14.7,0.5,0.5,1.0,0.134,-3.5,-0.3,-3.8,-0.1,,2016,False
384.0,James Ennis III,25.0,3TM,SF,22.0,5.0,329.0,17.8,0.621,0.513,0.301,6.9,7.4,7.1,10.1,2.4,1.3,12.9,19.8,0.7,0.2,0.9,0.133,2.5,-1.0,1.5,0.3,,2016,False
384.0,James Ennis III,25.0,MIA,SF,3.0,0.0,7.0,2.4,,,,0.0,0.0,0.0,18.0,0.0,0.0,,0.0,0.0,0.0,0.0,0.07,-4.0,2.2,-1.8,0.0,,2016,False
384.0,James Ennis III,25.0,MEM,SF,10.0,0.0,40.0,18.3,0.46,0.615,0.769,10.9,8.9,10.0,7.6,5.1,4.6,10.3,21.8,0.0,0.1,0.1,0.1,2.4,2.0,4.4,0.1,,2016,False
384.0,James Ennis III,25.0,NOP,SF,9.0,5.0,282.0,18.1,0.647,0.5,0.24,6.5,7.3,6.9,10.3,2.1,0.9,13.3,20.0,0.7,0.1,0.8,0.139,2.7,-1.5,1.2,0.2,,2016,False
385.0,Cristiano Felício,23.0,CHI,C,31.0,4.0,321.0,17.6,0.601,0.056,0.486,10.0,23.1,16.7,12.1,0.9,3.0,12.9,13.7,0.7,0.4,1.2,0.175,0.1,0.2,0.3,0.2,,2016,False
386.0,Robert Sacre,26.0,LAL,C,25.0,1.0,320.0,10.4,0.474,0.0,0.507,10.4,13.9,12.1,6.9,0.6,2.5,11.6,14.3,0.2,0.1,0.3,0.04,-3.3,-1.3,-4.6,-0.2,,2016,False
387.0,R.J. Hunter,22.0,BOS,SG,36.0,0.0,315.0,7.7,0.48,0.643,0.071,0.7,12.0,6.2,5.9,2.2,1.0,9.8,15.1,-0.1,0.4,0.3,0.045,-3.1,1.0,-2.1,0.0,,2016,False
388.0,Terry Rozier,21.0,BOS,PG,39.0,0.0,311.0,5.0,0.326,0.255,0.094,8.1,13.5,10.8,16.5,0.9,0.3,14.7,17.7,-0.6,0.3,-0.3,-0.047,-4.7,-1.4,-6.1,-0.3,,2016,False
389.0,Drew Gooden,34.0,WAS,PF,30.0,0.0,305.0,7.5,0.376,0.398,0.136,10.1,21.3,15.6,6.0,1.3,2.9,10.6,17.5,-0.4,0.4,0.0,-0.005,-5.0,-1.3,-6.3,-0.3,,2016,False
390.0,Axel Toupane,23.0,DEN,SF,21.0,0.0,305.0,7.1,0.49,0.571,0.243,2.9,8.5,5.6,7.0,1.2,1.6,7.2,12.0,0.2,0.1,0.3,0.049,-3.6,-1.0,-4.7,-0.2,,2016,False
391.0,Jordan Hamilton,25.0,NOP,SF,11.0,4.0,304.0,12.4,0.499,0.388,0.181,4.2,18.9,11.3,12.9,1.3,0.8,12.0,20.7,0.0,0.2,0.2,0.03,-1.6,-1.7,-3.3,-0.1,,2016,False
392.0,Kostas Papanikolaou,25.0,DEN,SF,26.0,6.0,294.0,6.0,0.464,0.485,0.212,3.0,12.3,7.5,7.8,2.2,1.4,22.5,13.9,-0.4,0.2,-0.1,-0.022,-4.7,0.2,-4.5,-0.2,,2016,False
393.0,Jordan Farmar,29.0,MEM,PG,12.0,10.0,291.0,13.2,0.527,0.45,0.1,1.5,8.6,4.9,20.6,2.7,0.6,14.7,18.9,0.2,0.2,0.4,0.064,-0.5,-0.2,-0.7,0.1,,2016,False
394.0,Phil Pressey,24.0,2TM,PG,23.0,0.0,283.0,10.6,0.433,0.231,0.321,1.1,11.1,6.0,40.7,3.1,1.1,27.0,18.7,-0.4,0.3,-0.1,-0.017,-3.3,0.1,-3.2,-0.1,,2016,False
394.0,Phil Pressey,24.0,PHI,PG,14.0,0.0,170.0,11.8,0.437,0.236,0.327,0.0,15.2,7.4,43.2,3.2,0.4,23.2,21.1,-0.2,0.2,0.0,-0.014,-3.0,0.3,-2.6,0.0,,2016,False
394.0,Phil Pressey,24.0,PHO,PG,9.0,0.0,113.0,8.6,0.422,0.217,0.304,2.8,4.9,3.8,37.0,3.0,2.2,34.9,15.1,-0.2,0.1,-0.1,-0.022,-3.7,-0.2,-3.9,-0.1,,2016,False
395.0,Bryce Dejean-Jones,23.0,NOP,SG,14.0,11.0,279.0,9.6,0.505,0.464,0.304,3.1,16.5,9.5,7.7,1.8,0.6,12.3,14.1,0.0,0.2,0.2,0.033,-2.5,0.0,-2.5,0.0,,2016,False
396.0,Damjan Rudež,29.0,MIN,SF,33.0,0.0,277.0,5.5,0.572,0.806,0.129,2.1,6.2,4.2,5.8,0.5,0.3,16.6,12.7,0.1,0.0,0.1,0.009,-2.7,-2.1,-4.8,-0.2,,2016,False
397.0,Henry Sims,25.0,BRK,C,14.0,4.0,263.0,13.9,0.504,0.0,0.39,8.8,22.2,15.4,5.1,1.7,4.3,11.7,17.3,0.2,0.3,0.4,0.079,-3.5,-0.8,-4.3,-0.2,,2016,False
398.0,James Michael McAdoo,23.0,GSW,PF,41.0,1.0,262.0,15.9,0.554,0.024,0.583,13.1,10.9,11.9,9.2,1.8,2.2,13.2,20.1,0.5,0.3,0.8,0.146,-1.5,-0.3,-1.8,0.0,,2016,False
399.0,Udonis Haslem,35.0,MIA,PF,37.0,0.0,260.0,9.1,0.434,0.148,0.262,4.5,27.4,16.3,7.6,1.0,0.6,6.8,12.8,0.0,0.4,0.4,0.072,-3.2,0.6,-2.6,0.0,,2016,False
400.0,Jeremy Evans,28.0,DAL,SF,30.0,2.0,251.0,12.6,0.62,0.333,0.438,4.8,18.8,11.8,1.2,1.2,3.0,10.9,11.7,0.3,0.3,0.6,0.119,-1.5,1.0,-0.4,0.1,,2016,False
401.0,Devyn Marble,23.0,ORL,SG,28.0,0.0,249.0,5.2,0.368,0.451,0.338,2.6,14.4,8.5,6.6,2.6,0.3,7.9,15.7,-0.4,0.3,-0.1,-0.026,-6.0,-0.1,-6.2,-0.3,,2016,False
402.0,Xavier Munford,23.0,MEM,SG,14.0,0.0,244.0,9.9,0.481,0.299,0.182,1.3,13.7,7.2,14.3,2.7,1.1,15.3,18.0,-0.2,0.2,0.1,0.017,-3.1,0.6,-2.5,0.0,,2016,False
403.0,K.J. McDaniels,22.0,HOU,SF,37.0,1.0,235.0,10.6,0.522,0.347,0.417,7.5,12.3,9.9,6.5,1.5,2.1,16.6,18.7,0.1,0.1,0.2,0.043,-2.8,-1.1,-3.9,-0.1,,2016,False
404.0,Delon Wright,23.0,TOR,PG,27.0,1.0,229.0,17.8,0.54,0.163,0.438,4.1,14.3,9.3,22.5,1.8,1.1,14.4,22.1,0.3,0.2,0.6,0.124,1.1,-0.3,0.9,0.2,,2016,False
405.0,Lucas Nogueira,23.0,TOR,C,29.0,1.0,225.0,15.6,0.642,0.068,0.341,9.3,14.0,11.7,4.9,2.8,4.4,17.9,12.4,0.3,0.4,0.7,0.154,-1.7,1.7,0.0,0.1,,2016,False
406.0,Elton Brand,36.0,PHI,C,17.0,1.0,225.0,11.4,0.461,0.014,0.125,4.2,27.0,15.2,13.1,2.0,2.7,12.6,16.9,-0.1,0.3,0.2,0.036,-4.7,1.3,-3.4,-0.1,,2016,False
407.0,DeJuan Blair,26.0,WAS,C,29.0,0.0,218.0,5.4,0.414,0.015,0.191,10.1,19.4,14.6,7.3,1.8,0.7,16.9,17.8,-0.3,0.3,-0.1,-0.015,-8.1,-0.7,-8.9,-0.4,,2016,False
408.0,Brandan Wright,28.0,MEM,PF,12.0,2.0,212.0,18.3,0.663,0.0,0.462,7.2,16.3,11.6,4.7,1.2,6.6,13.8,15.4,0.4,0.2,0.7,0.147,0.0,0.7,0.7,0.1,,2016,False
409.0,Matt Bonner,35.0,SAS,C,30.0,2.0,206.0,14.1,0.647,0.596,0.07,1.7,12.8,7.5,6.3,1.5,0.4,4.9,13.7,0.4,0.3,0.8,0.181,1.2,1.0,2.2,0.2,,2016,False
410.0,Michael Kidd-Gilchrist,22.0,CHO,SF,7.0,7.0,205.0,16.9,0.603,0.115,0.475,6.3,17.8,12.0,7.3,0.7,1.2,9.8,18.0,0.4,0.2,0.6,0.152,0.2,-0.2,0.0,0.1,,2016,False
411.0,Lou Amundson,33.0,NYK,PF,29.0,0.0,204.0,6.7,0.401,0.0,0.509,12.5,13.7,13.1,8.8,1.5,2.6,18.8,17.7,-0.3,0.2,-0.1,-0.014,-6.7,-0.2,-6.9,-0.3,,2016,False
412.0,James Young,20.0,BOS,SG,29.0,0.0,199.0,3.6,0.384,0.722,0.111,2.1,11.9,6.9,6.0,1.5,0.4,11.7,9.1,-0.2,0.2,0.1,0.013,-5.3,0.8,-4.5,-0.1,,2016,False
413.0,Jordan McRae,24.0,2TM,PG,22.0,1.0,195.0,14.2,0.548,0.282,0.359,2.3,9.2,5.7,20.9,0.7,0.4,14.2,23.9,0.2,0.1,0.4,0.087,0.0,-1.9,-1.8,0.0,,2016,False
413.0,Jordan McRae,24.0,PHO,PG,7.0,0.0,82.0,14.2,0.567,0.423,0.577,2.6,8.1,5.3,19.1,1.8,0.0,15.5,20.0,0.1,0.0,0.2,0.096,-0.9,-0.2,-1.1,0.0,,2016,False
413.0,Jordan McRae,24.0,CLE,PG,15.0,1.0,113.0,14.2,0.537,0.212,0.25,2.0,9.9,6.0,22.3,0.0,0.7,13.5,26.7,0.1,0.1,0.2,0.081,0.7,-3.0,-2.4,0.0,,2016,False
414.0,Greg Smith,25.0,MIN,PF,18.0,0.0,192.0,7.9,0.545,0.0,0.531,7.4,17.9,12.7,4.6,1.1,0.4,15.1,10.8,0.1,0.1,0.2,0.045,-4.1,-1.4,-5.5,-0.2,,2016,False
415.0,Alan Anderson,33.0,WAS,SG,13.0,0.0,192.0,9.2,0.495,0.627,0.254,0.6,15.5,7.9,10.3,1.0,0.4,3.0,15.4,0.2,0.2,0.3,0.078,-2.4,0.1,-2.3,0.0,,2016,False
416.0,Caron Butler,35.0,SAC,SF,17.0,1.0,176.0,11.3,0.49,0.305,0.203,3.1,10.4,6.8,8.3,2.5,0.5,4.5,16.2,0.1,0.1,0.3,0.071,-2.5,0.6,-1.8,0.0,,2016,False
417.0,Elijah Millsap,28.0,UTA,SG,20.0,0.0,173.0,6.5,0.384,0.308,0.462,4.1,19.5,11.8,16.2,2.1,1.5,16.1,14.9,-0.2,0.3,0.1,0.033,-5.9,2.1,-3.8,-0.1,,2016,False
418.0,Briante Weber,23.0,2TM,PG,7.0,4.0,169.0,8.9,0.38,0.128,0.103,5.2,11.9,8.4,18.6,2.7,1.6,18.1,13.2,-0.2,0.2,0.0,0.004,-4.7,1.0,-3.7,-0.1,,2016,False
418.0,Briante Weber,23.0,MEM,PG,6.0,4.0,166.0,8.3,0.365,0.132,0.105,5.3,11.5,8.2,17.6,2.8,1.7,18.5,13.2,-0.2,0.2,0.0,-0.008,-4.9,0.9,-4.0,-0.1,,2016,False
418.0,Briante Weber,23.0,MIA,PG,1.0,0.0,3.0,39.3,1.0,0.0,0.0,0.0,36.6,18.9,72.3,0.0,0.0,0.0,15.2,0.0,0.0,0.0,0.634,5.0,7.9,12.9,0.0,,2016,False
419.0,C.J. Wilcox,25.0,LAC,SG,23.0,0.0,167.0,12.9,0.491,0.348,0.182,0.7,7.1,3.9,9.4,3.0,0.9,2.7,19.8,0.1,0.2,0.3,0.089,-2.6,1.1,-1.5,0.0,,2016,False
420.0,Spencer Dinwiddie,22.0,DET,PG,12.0,0.0,159.0,8.9,0.423,0.185,0.611,2.6,9.3,5.8,20.9,1.0,0.0,9.3,20.7,0.0,0.1,0.1,0.028,-4.6,-0.6,-5.2,-0.1,,2016,False
421.0,Chris Copeland,31.0,MIL,PF,24.0,1.0,156.0,5.4,0.462,0.706,0.137,0.7,6.5,3.7,10.3,0.7,0.0,10.0,17.3,-0.1,0.0,-0.1,-0.017,-3.3,-3.1,-6.4,-0.2,,2016,False
422.0,Damien Inglis,20.0,MIL,SF,20.0,1.0,156.0,6.7,0.444,0.351,0.216,1.5,21.1,11.4,9.0,2.0,1.6,21.4,14.9,-0.2,0.2,-0.1,-0.024,-4.9,-0.6,-5.6,-0.1,,2016,False
423.0,Nikola Peković,30.0,MIN,C,12.0,3.0,156.0,6.5,0.459,0.0,0.4,5.3,10.3,7.8,10.7,0.3,0.0,13.3,19.5,-0.1,0.0,-0.1,-0.022,-5.1,-2.8,-7.9,-0.2,,2016,False
424.0,Cleanthony Early,24.0,NYK,SF,17.0,2.0,154.0,2.2,0.371,0.375,0.1,2.9,15.4,9.2,5.7,0.7,1.5,17.7,14.9,-0.3,0.1,-0.2,-0.075,-7.2,-1.5,-8.6,-0.3,,2016,False
425.0,Jarell Eddie,24.0,WAS,SF,26.0,0.0,147.0,11.0,0.46,0.723,0.123,1.5,16.3,8.8,5.0,1.7,0.6,1.4,20.7,0.0,0.1,0.1,0.046,-0.3,-1.1,-1.5,0.0,,2016,False
426.0,Christian Wood,20.0,PHI,PF,17.0,0.0,145.0,16.4,0.49,0.208,0.396,9.4,19.4,14.3,3.5,1.7,3.7,3.1,19.4,0.2,0.1,0.3,0.097,0.4,-0.6,-0.2,0.1,,2016,False
427.0,Tony Wroten,22.0,PHI,PG,8.0,3.0,144.0,1.8,0.412,0.262,0.569,1.5,14.9,7.9,23.3,1.0,0.0,26.3,33.5,-0.8,0.0,-0.8,-0.263,-8.4,-5.0,-13.4,-0.4,,2016,False
428.0,Pat Connaughton,23.0,POR,SG,34.0,0.0,143.0,4.6,0.352,0.429,0.102,8.3,15.9,12.1,9.9,0.7,0.0,16.3,18.7,-0.3,0.1,-0.2,-0.076,-4.8,-3.2,-8.0,-0.2,,2016,False
429.0,Chris Kaman,33.0,POR,C,16.0,2.0,112.0,11.1,0.496,0.093,0.07,6.8,16.5,11.6,15.8,0.4,0.7,15.3,20.4,0.0,0.1,0.1,0.037,-2.6,-1.0,-3.6,0.0,,2016,False
430.0,Jeff Ayres,28.0,LAC,C,17.0,0.0,107.0,8.3,0.585,0.043,0.261,4.1,18.1,11.2,6.9,0.0,2.2,19.0,13.4,0.1,0.1,0.2,0.077,-5.6,-0.5,-6.1,-0.1,,2016,False
431.0,Cameron Bairstow,25.0,CHI,C,18.0,2.0,103.0,6.8,0.391,0.125,0.2,4.2,24.0,14.3,8.7,1.0,2.1,8.4,20.3,-0.1,0.1,0.0,-0.004,-6.7,-0.9,-7.5,-0.1,,2016,False
432.0,Orlando Johnson,26.0,2TM,SG,7.0,1.0,101.0,3.6,0.346,0.294,0.235,4.2,12.3,8.1,2.7,1.5,2.4,9.6,17.8,-0.2,0.1,-0.2,-0.087,-6.5,-1.8,-8.3,-0.2,,2016,False
432.0,Orlando Johnson,26.0,PHO,SG,2.0,0.0,47.0,10.1,0.407,0.294,0.353,6.8,14.2,10.4,0.0,2.1,5.2,4.8,18.7,0.0,0.1,0.0,0.026,-3.2,0.8,-2.4,0.0,,2016,False
432.0,Orlando Johnson,26.0,NOP,SG,5.0,1.0,54.0,-2.1,0.28,0.294,0.118,2.0,10.6,6.2,5.1,0.9,0.0,14.4,17.1,-0.2,0.0,-0.2,-0.185,-9.3,-4.1,-13.4,-0.2,,2016,False
433.0,Joel Anthony,33.0,DET,C,19.0,0.0,96.0,14.1,0.666,0.0,0.8,8.8,15.4,11.9,1.4,1.1,9.5,12.9,7.0,0.2,0.2,0.4,0.177,-2.9,3.3,0.4,0.1,,2016,False
434.0,Sasha Kaun,30.0,CLE,C,25.0,0.0,95.0,12.5,0.527,0.0,0.647,14.4,16.5,15.5,4.5,2.2,4.3,24.3,13.7,0.0,0.2,0.2,0.096,-3.3,0.5,-2.8,0.0,,2016,False
435.0,Aaron Harrison,21.0,CHO,SG,21.0,0.0,93.0,4.3,0.371,0.526,0.632,4.7,13.1,8.8,3.0,3.2,0.0,14.1,13.7,-0.2,0.1,0.0,-0.014,-7.2,0.9,-6.3,-0.1,,2016,False
436.0,Anthony Bennett,22.0,TOR,PF,19.0,0.0,84.0,10.4,0.446,0.519,0.37,8.3,22.8,15.7,0.0,3.1,0.0,11.3,19.2,0.0,0.1,0.1,0.054,-2.9,-1.1,-3.9,0.0,,2016,False
437.0,Tibor Pleiß,26.0,UTA,C,12.0,0.0,82.0,3.5,0.464,0.08,0.08,8.6,12.8,10.7,4.0,0.6,2.1,23.6,19.1,-0.2,0.1,-0.1,-0.041,-10.0,-1.6,-11.6,-0.2,,2016,False
438.0,Edy Tavares,23.0,ATL,C,11.0,0.0,73.0,14.4,0.555,0.0,0.421,10.7,20.5,15.7,6.3,0.7,6.5,18.2,16.9,0.0,0.1,0.2,0.106,-2.9,1.1,-1.8,0.0,,2016,False
439.0,Alex Stepheson,28.0,2TM,PF,8.0,0.0,73.0,14.8,0.341,0.0,0.444,28.5,14.5,21.8,4.3,0.7,6.0,0.0,19.8,0.0,0.1,0.1,0.068,-0.5,-2.0,-2.4,0.0,,2016,False
439.0,Alex Stepheson,28.0,LAC,PF,4.0,0.0,12.0,8.9,0.532,0.0,2.0,9.2,8.9,9.1,0.0,0.0,13.1,0.0,7.1,0.0,0.0,0.0,0.113,-6.2,3.6,-2.6,0.0,,2016,False
439.0,Alex Stepheson,28.0,MEM,PF,4.0,0.0,61.0,16.0,0.329,0.0,0.385,32.3,15.6,24.3,5.2,0.8,4.6,0.0,22.4,0.0,0.1,0.1,0.059,0.7,-3.1,-2.4,0.0,,2016,False
440.0,Mitch McGary,23.0,OKC,PF,20.0,0.0,72.0,7.4,0.474,0.174,0.435,6.4,20.1,13.6,6.0,0.7,2.1,20.3,20.4,-0.1,0.1,0.0,-0.018,-6.0,-1.3,-7.3,-0.1,,2016,False
441.0,Alan Williams,23.0,PHO,PF,10.0,0.0,68.0,21.1,0.481,0.0,0.583,21.9,39.2,30.3,11.7,2.9,6.0,16.6,22.6,0.1,0.2,0.2,0.146,-2.0,1.8,-0.2,0.0,,2016,False
442.0,Russ Smith,24.0,MEM,PG,15.0,0.0,66.0,10.5,0.415,0.227,0.591,1.7,14.4,7.8,25.4,3.9,1.4,20.2,23.6,-0.1,0.1,-0.1,-0.041,-2.9,1.4,-1.4,0.0,,2016,False
443.0,Jorge Gutiérrez,27.0,CHO,PG,12.0,0.0,63.0,19.2,0.694,0.182,1.0,0.0,12.3,6.1,40.3,2.4,0.0,27.5,15.6,0.2,0.1,0.3,0.201,-0.3,0.8,0.6,0.0,,2016,False
444.0,Lorenzo Brown,25.0,PHO,PG,8.0,0.0,61.0,4.4,0.374,0.32,0.16,0.0,12.8,6.2,28.0,2.4,1.3,25.2,24.9,-0.3,0.1,-0.2,-0.157,-6.5,-1.9,-8.4,-0.1,,2016,False
445.0,Jordan Mickey,21.0,BOS,PF,16.0,0.0,57.0,15.3,0.398,0.0,0.455,11.0,13.3,12.1,2.6,0.0,15.1,3.6,20.5,0.0,0.1,0.1,0.068,-2.6,1.1,-1.5,0.0,,2016,False
446.0,Josh Huestis,24.0,OKC,PF,5.0,0.0,55.0,6.7,0.509,0.5,0.333,4.2,15.0,9.9,0.0,0.9,2.8,17.9,13.0,0.0,0.1,0.0,0.01,-2.2,-0.6,-2.8,0.0,,2016,False
447.0,Andrew Goudelock,27.0,HOU,PG,8.0,0.0,50.0,12.3,0.506,0.45,0.2,2.2,2.2,2.2,13.3,5.9,3.3,24.3,24.8,-0.1,0.1,0.0,-0.033,-5.4,1.8,-3.6,0.0,,2016,False
448.0,Cory Jefferson,25.0,PHO,PF,8.0,0.0,50.0,12.7,0.446,0.045,0.273,12.7,22.2,17.4,0.0,0.0,1.6,0.0,21.0,0.0,0.0,0.1,0.07,-2.7,-3.7,-6.4,-0.1,,2016,False
449.0,Eric Moreland,24.0,SAC,PF,8.0,0.0,48.0,7.4,0.515,0.0,0.667,6.8,17.9,12.4,2.7,0.0,6.7,27.9,9.5,0.0,0.0,0.0,0.012,-4.4,-0.1,-4.5,0.0,,2016,False
450.0,Elliot Williams,26.0,MEM,PG,5.0,0.0,45.0,3.3,0.34,0.4,0.4,2.4,7.9,5.1,12.4,0.0,0.0,7.8,12.7,0.0,0.0,0.0,-0.046,-5.3,-2.6,-7.9,-0.1,,2016,False
451.0,Steve Novak,32.0,2TM,PF,10.0,0.0,44.0,14.4,0.651,0.833,0.056,0.0,12.0,6.2,0.0,0.0,0.0,5.1,19.2,0.1,0.0,0.1,0.121,3.5,-2.4,1.2,0.0,,2016,False
451.0,Steve Novak,32.0,OKC,PF,7.0,0.0,24.0,20.8,0.708,0.75,0.0,0.0,17.2,9.1,0.0,0.0,0.0,7.7,23.1,0.1,0.0,0.1,0.181,6.6,-1.4,5.2,0.0,,2016,False
451.0,Steve Novak,32.0,MIL,PF,3.0,0.0,20.0,6.7,0.543,1.0,0.167,0.0,5.7,2.9,0.0,0.0,0.0,0.0,14.5,0.0,0.0,0.0,0.05,-0.2,-3.5,-3.6,0.0,,2016,False
452.0,Bruno Caboclo,20.0,TOR,SF,6.0,1.0,43.0,-7.7,0.125,0.583,0.0,2.7,2.6,2.7,3.2,2.4,1.9,25.0,16.9,-0.3,0.0,-0.3,-0.283,-14.0,-3.6,-17.6,-0.2,,2016,False
453.0,Jodie Meeks,28.0,DET,SG,3.0,0.0,43.0,13.5,0.506,0.45,0.2,2.4,10.6,6.3,11.3,0.0,0.0,4.4,23.1,0.1,0.0,0.1,0.107,-0.2,-2.8,-2.9,0.0,,2016,False
454.0,Luis Montero,22.0,POR,SG,12.0,0.0,42.0,-2.7,0.337,0.474,0.211,0.0,10.3,5.2,3.5,0.0,0.0,16.2,25.7,-0.2,0.0,-0.2,-0.238,-9.8,-5.6,-15.5,-0.1,,2016,False
455.0,Dahntay Jones,35.0,CLE,SF,1.0,0.0,42.0,10.3,0.464,0.143,0.0,2.7,10.7,6.7,7.3,1.2,3.9,0.0,15.1,0.0,0.1,0.1,0.096,-2.7,-0.3,-3.0,0.0,,2016,False
456.0,Erick Green,24.0,2TM,PG,9.0,0.0,42.0,12.4,0.468,0.385,0.154,8.4,8.2,8.3,11.0,1.3,0.0,0.0,15.2,0.1,0.0,0.1,0.121,-1.6,-0.4,-1.9,0.0,,2016,False
456.0,Erick Green,24.0,DEN,PG,3.0,0.0,7.0,0.9,0.0,1.0,0.0,0.0,16.1,7.9,18.3,0.0,0.0,0.0,6.2,0.0,0.0,0.0,-0.082,-7.4,-1.1,-8.5,0.0,,2016,False
456.0,Erick Green,24.0,UTA,PG,6.0,0.0,35.0,14.7,0.505,0.333,0.167,10.1,6.7,8.3,9.6,1.5,0.0,0.0,17.0,0.1,0.0,0.1,0.162,-0.4,-0.2,-0.6,0.0,,2016,False
457.0,Shayne Whittington,24.0,IND,PF,7.0,0.0,41.0,7.4,0.463,0.182,0.182,13.4,18.6,16.0,10.9,1.2,2.0,29.6,18.1,-0.1,0.1,0.0,-0.009,-7.5,0.0,-7.5,-0.1,,2016,False
458.0,Bryce Cotton,23.0,2TM,PG,8.0,0.0,39.0,1.7,0.4,0.3,0.0,0.0,0.0,0.0,10.8,3.7,0.0,33.3,16.5,-0.2,0.0,-0.1,-0.168,-7.7,-1.0,-8.8,-0.1,,2016,False
458.0,Bryce Cotton,23.0,PHO,PG,3.0,0.0,33.0,-3.3,0.25,0.375,0.0,0.0,0.0,0.0,12.7,4.4,0.0,38.5,16.8,-0.2,0.0,-0.2,-0.238,-10.2,-1.2,-11.4,-0.1,,2016,False
458.0,Bryce Cotton,23.0,MEM,PG,5.0,0.0,6.0,29.1,1.0,0.0,0.0,0.0,0.0,0.0,0.0,0.0,0.0,0.0,15.0,0.0,0.0,0.0,0.221,5.7,0.2,5.8,0.0,,2016,False
459.0,Cliff Alexander,20.0,POR,PF,8.0,0.0,36.0,11.6,0.5,0.0,0.0,6.0,12.1,9.0,0.0,1.4,4.4,9.1,13.3,0.0,0.0,0.0,0.052,-0.5,0.5,0.0,0.0,,2016,False
460.0,Justin Harper,26.0,DET,PF,5.0,0.0,35.0,6.9,0.597,0.9,0.2,0.0,3.2,1.6,0.0,1.4,0.0,15.5,16.0,0.0,0.0,0.0,0.039,-2.3,-1.9,-4.2,0.0,,2016,False
461.0,Branden Dawson,22.0,LAC,PF,6.0,0.0,29.0,7.1,0.46,0.0,0.2,7.6,7.4,7.5,0.0,0.0,2.7,0.0,8.5,0.0,0.0,0.0,0.069,-3.6,-2.0,-5.7,0.0,,2016,False
462.0,Keith Appling,23.0,ORL,PG,5.0,0.0,27.0,-4.8,0.338,0.375,0.25,0.0,4.2,2.1,5.0,1.9,0.0,25.3,19.5,-0.1,0.0,-0.1,-0.199,-13.2,-2.0,-15.1,-0.1,,2016,False
463.0,Chuck Hayes,32.0,HOU,C,2.0,0.0,24.0,1.6,0.694,0.0,1.0,0.0,37.0,18.4,11.3,0.0,0.0,51.0,10.5,0.0,0.0,0.0,-0.016,-8.6,0.4,-8.1,0.0,,2016,False
464.0,Duje Dukan,24.0,SAC,SF,1.0,0.0,24.0,4.2,0.3,0.5,0.0,9.1,9.0,9.0,5.6,2.0,0.0,0.0,17.7,0.0,0.0,0.0,-0.057,-4.3,-2.6,-7.0,0.0,,2016,False
465.0,Nate Robinson,31.0,NOP,PG,2.0,1.0,23.0,2.6,0.0,1.0,0.0,0.0,0.0,0.0,21.8,2.2,0.0,0.0,1.9,0.0,0.0,0.0,0.038,-6.6,2.0,-4.6,0.0,,2016,False
466.0,Kevon Looney,19.0,GSW,PF,5.0,0.0,21.0,18.6,0.643,0.286,0.0,21.8,29.1,25.6,0.0,0.0,0.0,12.5,16.5,0.1,0.0,0.1,0.192,1.6,-4.1,-2.5,0.0,,2016,False
467.0,Nazr Mohammed,38.0,OKC,C,5.0,0.0,19.0,6.0,0.68,0.0,0.4,6.1,16.3,11.5,0.0,0.0,0.0,33.8,19.9,0.0,0.0,0.0,-0.009,-8.7,-3.0,-11.7,0.0,,2016,False
468.0,Jarnell Stokes,22.0,2TM,C,7.0,0.0,18.0,20.0,0.595,0.0,0.4,6.1,18.8,12.6,9.6,2.8,0.0,0.0,14.9,0.1,0.0,0.1,0.209,1.9,0.1,2.0,0.0,,2016,False
468.0,Jarnell Stokes,22.0,MEM,C,2.0,0.0,4.0,13.6,,,,27.3,29.8,28.5,0.0,0.0,0.0,,0.0,0.0,0.0,0.0,0.163,1.4,-5.4,-3.9,0.0,,2016,False
468.0,Jarnell Stokes,22.0,MIA,C,5.0,0.0,14.0,21.8,0.595,0.0,0.4,0.0,15.7,8.1,12.3,3.7,0.0,0.0,19.2,0.0,0.0,0.1,0.222,2.0,1.7,3.7,0.0,,2016,False
469.0,Jimmer Fredette,26.0,2TM,SG,6.0,0.0,18.0,12.0,0.625,0.4,1.0,0.0,0.0,0.0,7.7,2.8,0.0,21.7,22.8,0.0,0.0,0.0,0.0,-2.3,-0.3,-2.6,0.0,,2016,False
469.0,Jimmer Fredette,26.0,NOP,SG,4.0,0.0,13.0,-1.6,0.25,0.25,0.0,0.0,0.0,0.0,10.7,3.8,0.0,20.0,17.0,-0.1,0.0,-0.1,-0.198,-10.5,-1.7,-12.3,0.0,,2016,False
469.0,Jimmer Fredette,26.0,NYK,SG,2.0,0.0,5.0,47.4,1.094,1.0,5.0,0.0,0.0,0.0,0.0,0.0,0.0,23.8,38.0,0.1,0.0,0.1,0.514,19.1,3.5,22.6,0.0,,2016,False
470.0,Joe Harris,24.0,CLE,SG,5.0,0.0,15.0,3.4,0.375,1.0,0.0,0.0,22.5,11.3,18.2,0.0,0.0,20.0,15.1,0.0,0.0,0.0,-0.032,-5.0,-0.9,-5.9,0.0,,2016,False
471.0,Jordan Adams,21.0,MEM,SG,2.0,0.0,15.0,17.3,0.427,0.167,0.833,0.0,15.9,7.6,31.9,10.3,0.0,19.6,30.5,0.0,0.0,0.0,0.015,-2.5,9.4,6.9,0.0,,2016,False
472.0,Coty Clarke,23.0,BOS,SF,3.0,0.0,6.0,23.9,0.75,0.5,0.0,0.0,18.0,8.8,0.0,0.0,0.0,20.0,35.5,0.0,0.0,0.0,0.025,15.5,1.0,16.5,0.0,,2016,False
473.0,Sam Dekker,21.0,HOU,PF,3.0,0.0,6.0,10.8,,,,0.0,18.5,9.2,0.0,8.2,0.0,,0.0,0.0,0.0,0.0,0.116,-2.8,5.1,2.2,0.0,,2016,False
474.0,Thanasis Antetokounmpo,23.0,NYK,SF,2.0,0.0,6.0,32.9,0.75,0.25,0.0,0.0,17.9,9.1,0.0,0.0,0.0,0.0,30.2,0.0,0.0,0.0,0.291,3.7,2.2,5.9,0.0,,2016,False
475.0,J.J. O'Brien,23.0,UTA,SF,2.0,0.0,6.0,1.3,0.0,0.0,0.0,0.0,19.4,9.7,0.0,8.8,0.0,0.0,7.7,0.0,0.0,0.0,-0.028,-11.5,5.3,-6.2,0.0,,2016,False
476.0,Rakeem Christmas,24.0,IND,PF,1.0,0.0,6.0,32.0,1.0,0.0,0.0,18.3,0.0,9.1,0.0,0.0,0.0,0.0,14.7,0.0,0.0,0.0,0.343,5.6,0.9,6.5,0.0,,2016,False
,League Average,,,,,,,,0.541,0.285,0.276,4.8,15.2,10.0,14.8,1.6,1.6,12.7,19.9,,,,,,,,,,2016,False
